ranking,detection,reset_cadence,run_index,seed,total_interactions,accepted_interactions,avg_toxicity,avg_quality_gap,total_welfare,welfare_per_epoch,n_agents,n_frozen,avg_reputation,avg_payoff,min_payoff,max_payoff,honest_avg_payoff,opportunistic_avg_payoff,deceptive_avg_payoff,adversarial_avg_payoff,separation_quality,infiltration_rate,welfare_delta,attack_displacement,pool_avg_quality_truthful,pool_avg_quality_fair,pool_avg_quality_default,pool_welfare_truthful,pool_welfare_fair,pool_welfare_default,peak_infection,mean_infection,final_infection,late_infection,mean_tier3_poisoning,final_tier3_poisoning,mean_cache_corruption,contagion_writes
quality,off,0,0,42,3014,3014,0.29089118572812594,0.0,3048.762534371901,76.21906335929752,10,0,63.075368657996954,216.1840960342673,154.95023595887895,382.1888057455059,175.93851679035438,303.02070292783065,211.46232716987438,295.8634147514207,0.0,0.0,0.0,0.0,0.0,0.0,0.0,0.0,0.0,0.0,0.5251618543617156,0.23662495056039737,0.0038400654025294557,0.019305229881465047,0.6979856390702107,0.732824427480916,0.23691295546558705,207
quality,off,0,1,43,2991,2991,0.288875221187591,0.0,3046.4396523347395,76.1609913083685,10,0,63.20998977455103,217.36521217572982,164.39931005934886,388.97529257820906,175.7733884673929,313.45781775155666,217.2175947225066,294.16818923943896,0.0,0.0,0.0,0.0,0.0,0.0,0.0,0.0,0.0,0.0,0.2896449330891149,0.16014233775499714,0.0076449596516065714,0.03676697652377835,0.6024111127411322,0.6896551724137931,0.16071570972886762,126
quality,off,0,2,44,3003,3003,0.2864512830873296,0.0,3083.1741299446553,77.07935324861639,10,0,64.18453323366619,217.05373948990163,166.9022650496912,384.1072355682164,176.14146352929342,314.78962209687757,217.5069150709287,290.696038277725,0.0,0.0,0.0,0.0,0.0,0.0,0.0,0.0,0.0,0.0,0.31518903459821423,0.06767474118578207,5.1069903857884746e-05,0.00025674464641965716,0.5940163181338595,0.6746987951807228,0.06767857142857144,54
quality,off,0,3,45,3000,3000,0.28897435156038676,0.0,3054.475233555842,76.36188083889604,10,0,63.366918633995226,213.91184949652884,163.67534117766962,382.9702937412843,174.82650602188357,294.80606579288116,212.28230419216226,291.5355444244717,0.0,0.0,0.0,0.0,0.0,0.0,0.0,0.0,0.0,0.0,0.34136275406722183,0.1494819308405505,0.0010060828911542846,0.005057898618275801,0.6175991126863558,0.72,0.14955738705738705,141
quality,off,0,4,46,3007,3007,0.28964080139599574,0.0,3054.713153768759,76.36782884421898,10,0,63.312151581433966,215.0913757612912,154.3025385460341,396.44860212652674,175.57010066952432,286.7056558306591,212.96284512991159,298.9123263175977,0.0,0.0,0.0,0.0,0.0,0.0,0.0,0.0,0.0,0.0,0.43764474051339286,0.19219180728889343,0.0025219345607859272,0.012678566987404442,0.6472618131072757,0.7022900763358778,0.19238095238095237,140
quality,off,0,5,47,3017,3017,0.2874126744691199,0.0,3086.6107722193497,77.16526930548375,10,0,64.16208153586307,220.46885006390556,174.406816338367,396.21655804304464,179.96718418983596,310.03106013435195,216.9266664532482,298.96383445621996,0.0,0.0,0.0,0.0,0.0,0.0,0.0,0.0,0.0,0.0,0.36597662591314933,0.09292552674251968,0.00011635338978089251,0.0005849454896596923,0.5755524748786582,0.6375,0.09293425324675325,72
quality,off,0,6,48,2983,2983,0.29012467307412637,0.0,3025.577793580568,75.6394448395142,10,0,62.6669939288401,212.88304500444877,154.2309429522537,388.55485270515834,169.58326588890552,309.81342204975414,214.80157143277134,293.3579306142647,0.0,0.0,0.0,0.0,0.0,0.0,0.0,0.0,0.0,0.0,0.6226533872898781,0.26312423655981587,0.0027068719146276453,0.013608305873422499,0.6935045443210719,0.746031746031746,0.26332725195341294,213
quality,off,0,7,49,2995,2995,0.2903227627453859,0.0,3035.5307714459036,75.88826928614759,10,0,62.853846218997035,214.93885676253802,155.2525195927386,397.51966120438357,170.9111824155641,316.0907181564153,213.93395955669644,296.9483977094421,0.0,0.0,0.0,0.0,0.0,0.0,0.0,0.0,0.0,0.0,0.49012602816571244,0.23175611260729964,0.005807794458634034,0.02919762956494823,0.6688520652087735,0.7318840579710145,0.23219169719169722,197
quality,off,0,8,50,2992,2992,0.2873030468482236,0.0,3062.7937868024933,76.56984467006234,10,0,63.68217020007321,217.66618290575258,153.03766150767166,400.64002840272013,174.27656785698892,312.9198133968557,209.51392784286108,304.2843403379376,0.0,0.0,0.0,0.0,0.0,0.0,0.0,0.0,0.0,0.0,0.10460526315789473,0.019012482076466653,9.010910269121633e-06,4.53007113035265e-05,0.5516985549403234,0.6666666666666666,0.019013157894736843,11
quality,off,0,9,51,2998,2998,0.2867661348647539,0.0,3074.1899504132316,76.85474876033079,10,0,63.9644103062714,217.17567087714855,158.2016556799751,393.16487311626946,176.10073258042448,302.64779380498385,215.26551427186376,298.61950260604556,0.0,0.0,0.0,0.0,0.0,0.0,0.0,0.0,0.0,0.0,0.21966542476365544,0.05444928661695264,5.993194203199337e-05,0.00030129693036169437,0.575428999814626,0.6690140845070423,0.054453781512605035,43
quality,off,2,0,42,3000,3000,0.28874019444608334,0.0,3057.259972471158,76.43149931177895,10,0,63.448822719739816,214.46354197293584,149.82666840425114,381.4166130243643,175.69236323898917,303.6945089521807,210.60420132669137,288.09126500827574,0.0,0.0,0.0,0.0,0.0,0.0,0.0,0.0,0.0,0.0,0.18134280501166952,0.09913098695116823,0.1233789958642981,0.1164664819418346,0.11065713891371787,0.09090909090909091,0.11065713891371787,74
quality,off,2,1,43,2986,2986,0.2876358660080759,0.0,3053.0489914320938,76.32622478580234,10,0,63.44849974800261,212.70428822850786,156.2048796692117,381.69133735721164,174.1456475199684,293.39655518196764,212.7059387618884,288.033251610706,0.0,0.0,0.0,0.0,0.0,0.0,0.0,0.0,0.0,0.0,0.20085778904293897,0.10273415876517082,0.10370346495663743,0.12241304875439907,0.11551191863691863,0.2,0.11551191863691863,67
quality,off,2,2,44,2987,2987,0.2870907944059475,0.0,3059.9690701965537,76.49922675491385,10,0,63.64320794695732,211.405594491207,159.0252683078256,380.46525795771765,173.7812266252807,300.8854068630559,210.66084585929804,279.91116621901597,0.0,0.0,0.0,0.0,0.0,0.0,0.0,0.0,0.0,0.0,0.17324601665365197,0.10500016658870859,0.0818335356529756,0.08387691426145392,0.1149838356088356,0.15384615384615385,0.1149838356088356,97
quality,off,2,3,45,2987,2987,0.28815617498956725,0.0,3050.5192461306333,76.26298115326583,10,0,63.36527194501849,213.09073501957067,163.16914101215914,378.9013805055842,174.53339044197844,303.4872635616962,207.56597381023067,286.3268850859547,0.0,0.0,0.0,0.0,0.0,0.0,0.0,0.0,0.0,0.0,0.17200036382360068,0.08942423551842109,0.06720556634191553,0.084125800280171,0.09724243077184254,0.1111111111111111,0.09724243077184254,54
quality,off,2,4,46,2994,2994,0.2889086503204967,0.0,3048.894996787814,76.22237491969534,10,0,63.25573519964145,214.29394403088136,161.62932199283355,385.7862478617095,176.41342453187676,292.4240807136996,213.92734730564396,289.0537325491049,0.0,0.0,0.0,0.0,0.0,0.0,0.0,0.0,0.0,0.0,0.13334220958005433,0.07913494859656983,0.10000665718504075,0.10517343628685571,0.08976044788544787,0.125,0.08976044788544787,66
quality,off,2,5,47,3008,3008,0.2874113561638888,0.0,3078.078459230148,76.9519614807537,10,0,63.99054291853362,213.92844144557884,165.25529258348075,380.7724800649119,175.88034726027774,300.93517279595613,215.9274236338349,283.5698672321656,0.0,0.0,0.0,0.0,0.0,0.0,0.0,0.0,0.0,0.0,0.15833654874851172,0.09571292291817106,0.09365688484181155,0.11348633992208124,0.10273718928130693,0.0,0.10273718928130693,85
quality,off,2,6,48,3004,3004,0.2867808639975773,0.0,3079.940606975794,76.99851517439484,10,0,64.08060608752321,215.3571137159929,167.23234523296182,387.11068877103185,178.3067574655408,289.73238924723546,218.75772814150903,287.62023748897,0.0,0.0,0.0,0.0,0.0,0.0,0.0,0.0,0.0,0.0,0.1807221738081819,0.10113236574902755,0.1078695629807388,0.09790501980207048,0.11636544011544012,0.2857142857142857,0.11636544011544012,69
quality,off,2,7,49,3028,3028,0.2873486922178403,0.0,3099.3076001160935,77.48269000290233,10,0,64.43845882694377,218.36123463069393,167.81469503234106,387.30653885050276,177.79521192987886,313.04022690632564,214.88621913208527,294.4573143446276,0.0,0.0,0.0,0.0,0.0,0.0,0.0,0.0,0.0,0.0,0.1748631420787216,0.08825854218169886,0.07057632905188693,0.10119298638758165,0.10105176686059039,0.3,0.10105176686059039,64
quality,off,2,8,50,2997,2997,0.2873749618093492,0.0,3067.1199568158936,76.67799892039734,10,0,63.76529284752614,213.05955309779256,162.09727773971787,375.6918852414827,175.3754607762254,298.2501876644213,207.80636661931632,286.1431060184179,0.0,0.0,0.0,0.0,0.0,0.0,0.0,0.0,0.0,0.0,0.176302163485468,0.09450039212172215,0.06750639264304484,0.09941606899131684,0.10340952541610435,0.15384615384615385,0.10340952541610435,72
quality,off,2,9,51,3016,3016,0.2874253371100395,0.0,3085.8234366407073,77.14558591601768,10,0,64.14774813649124,215.32005685315102,171.25310718371287,375.3596244032421,176.45103239746945,292.66285858091544,218.20632803712272,291.81259376432786,0.0,0.0,0.0,0.0,0.0,0.0,0.0,0.0,0.0,0.0,0.16017118394849433,0.08456838688891248,0.05071821144453685,0.0789538668702851,0.09149725274725275,0.125,0.09149725274725275,66
quality,on,0,0,42,3012,3012,0.2874879387740402,0.0,2710.7257386344413,67.76814346586103,10,0,26.102521724542264,180.22455708166905,36.10302310484162,319.6041188351287,172.13074455674322,310.63832443277124,36.10302310484162,211.35987796930925,0.0,0.0,0.0,0.0,0.0,0.0,0.0,0.0,0.0,0.0,0.034827302631578946,0.005125366429736202,8.283356842959784e-05,0.0004164306887539229,0.0509109212828636,0.13157894736842105,0.005131578947368421,6
quality,on,0,1,43,2992,2992,0.2859670658225138,0.0,2673.0315414192423,66.82578853548105,10,0,22.941515924095228,175.00387021001615,28.63921666382675,304.82209026439125,171.72801001613325,293.4685354606866,28.63921666382675,198.78144493942438,0.0,0.0,0.0,0.0,0.0,0.0,0.0,0.0,0.0,0.0,0.0,0.0,0.0,0.0,0.007488569396464133,0.06666666666666667,0.0,0
quality,on,0,2,44,2980,2980,0.2866049453319488,0.0,2658.846701613083,66.47116754032707,10,0,23.00255004744347,173.7499430057798,38.60939121303644,302.7322107900611,170.62091579688357,299.37075059366805,38.60939121303644,187.89689673489613,0.0,0.0,0.0,0.0,0.0,0.0,0.0,0.0,0.0,0.0,0.10928055612664471,0.029699256439950323,0.00016001159988260474,0.0008044291947215071,0.1400890103436484,0.21052631578947367,0.029711257309941518,27
quality,on,0,3,45,3000,3000,0.287063610390654,0.0,2690.0161156880695,67.25040289220173,10,0,24.681062226119572,176.03730619101643,28.533180172918538,306.68495668540686,172.80623883216603,291.6077753325725,28.533180172918538,201.69733670583858,0.0,0.0,0.0,0.0,0.0,0.0,0.0,0.0,0.0,0.0,0.0341796875,0.0049954272532924,6.0969956101331046e-05,0.000306515357166498,0.06739504019486917,0.16279069767441862,0.005,3
quality,on,0,4,46,2986,2986,0.2889771924824777,0.0,2665.7726042203226,66.64431510550807,10,0,24.77801777118585,177.08216913301118,36.733583345249876,314.9597596649365,172.2010052820739,293.97503541943917,36.733583345249876,203.45352043648964,0.0,0.0,0.0,0.0,0.0,0.0,0.0,0.0,0.0,0.0,0.18688110654093643,0.06637481093161615,0.002490849576584162,0.01252229288710357,0.11889966455364318,0.10256410256410256,0.06656162464985994,53
quality,on,0,5,47,3015,3015,0.28701173281822656,0.0,2680.1304399599676,67.0032609989992,10,0,22.553836469410683,178.15521160012514,22.849836714988566,302.6096608029264,177.84048743428397,294.27920076471275,22.849836714988566,198.69007695792305,0.0,0.0,0.0,0.0,0.0,0.0,0.0,0.0,0.0,0.0,0.09100512495405591,0.0381950637907678,0.0002560875533055364,0.0012874335637848271,0.0893506676536675,0.07692307692307693,0.03821427035726571,31
quality,on,0,6,48,3031,3031,0.28623177627936014,0.0,2735.383289582569,68.38458223956422,10,0,26.235979105369562,181.45963959295833,45.50672741029128,296.9371098028955,180.11415693361064,296.03118156883414,45.50672741029128,196.18677267439693,0.0,0.0,0.0,0.0,0.0,0.0,0.0,0.0,0.0,0.0,0.11902063268113075,0.052278643692011226,0.0009357716935544614,0.0047044218696736554,0.10974704407417588,0.1111111111111111,0.052348826569027805,38
quality,on,0,7,49,3021,3021,0.28714244998505845,0.0,2703.605503240729,67.59013758101823,10,0,24.461926565903667,177.92097841473827,33.8213063238555,301.92238091243325,176.38934086146605,291.72484355672924,33.8213063238555,197.66379454900078,0.0,0.0,0.0,0.0,0.0,0.0,0.0,0.0,0.0,0.0,0.15168555174674186,0.07142341049943671,0.002808012186486329,0.014116770181665688,0.11479026461688999,0.15789473684210525,0.07163401141342318,55
quality,on,0,8,50,3005,3005,0.2874063269714779,0.0,2670.8601061599475,66.77150265399868,10,0,22.722356063527727,177.35520416362948,24.003212042271045,312.8965334051787,171.9435233242192,309.63101937381754,24.003212042271045,204.12833513744556,0.0,0.0,0.0,0.0,0.0,0.0,0.0,0.0,0.0,0.0,0.048182612233117636,0.014172547134644716,3.625950963333358e-05,0.00018228808509344955,0.10535790556336048,0.15217391304347827,0.014175266597867216,6
quality,on,0,9,51,3005,3005,0.2861115299750533,0.0,2715.9588181675704,67.89897045418925,10,0,26.31761229904608,178.99131946984306,40.014454145173254,312.4562522421677,173.74734987858878,312.4562522421677,40.014454145173254,197.4791945197786,0.0,0.0,0.0,0.0,0.0,0.0,0.0,0.0,0.0,0.0,0.013157894736842105,0.0013156132413583849,2.3497643443422993e-06,1.1813012560910442e-05,0.139168675197254,0.24528301886792453,0.0013157894736842105,0
quality,on,2,0,42,2995,2995,0.2874173955083201,0.0,2706.2140101754426,67.65535025438606,10,0,26.99717676986585,176.35583700805498,40.91392123854557,310.53205725403535,168.85449410737553,295.1129057965926,40.91392123854557,207.20228920057917,0.0,0.0,0.0,0.0,0.0,0.0,0.0,0.0,0.0,0.0,0.03125,0.003124686086169623,4.18551773835972e-06,2.1041928624121725e-05,0.003125,0.0,0.003125,3
quality,on,2,1,43,3003,3003,0.28626376248001656,0.0,2707.746108293318,67.69365270733294,10,0,25.741062008626862,177.80618454301376,39.93501408116498,315.99912945418606,173.71560160318822,291.62228346998046,39.93501408116498,202.10546912993135,0.0,0.0,0.0,0.0,0.0,0.0,0.0,0.0,0.0,0.0,0.04177327324910333,0.006068364570999884,0.005576058874254697,0.019390645783999537,0.006486568986568986,0.0,0.006486568986568986,4
quality,on,2,2,44,2986,2986,0.28673720043089485,0.0,2666.380990171666,66.65952475429165,10,0,23.332676181519446,172.34138622474038,33.09781473217184,292.82066979836213,169.53728081133497,292.19642803785644,33.09781473217184,190.44796730468292,0.0,0.0,0.0,0.0,0.0,0.0,0.0,0.0,0.0,0.0,0.02784384469317223,0.004772911968490641,0.00117598856827292,0.005912068485481877,0.00486111111111111,0.0,0.00486111111111111,4
quality,on,2,3,45,2988,2988,0.28717091931655875,0.0,2715.8167933144746,67.89541983286186,10,0,28.329023332778558,176.52179157267506,37.51071404298884,305.57712381649276,170.4501052115987,281.37710211540747,37.51071404298884,211.81473414938108,0.0,0.0,0.0,0.0,0.0,0.0,0.0,0.0,0.0,0.0,0.05715738932291666,0.012325624180458088,0.018991677593892177,0.005589990115588797,0.013750000000000002,0.0,0.013750000000000002,13
quality,on,2,4,46,3010,3010,0.2872258687195066,0.0,2739.827783412466,68.49569458531165,10,0,28.962875982719492,180.59167800771664,45.800502425634825,322.6853354361128,175.39434969730215,286.572572419834,45.800502425634825,210.58880352394235,0.0,0.0,0.0,0.0,0.0,0.0,0.0,0.0,0.0,0.0,0.024878299597537876,0.004353564339178953,3.3283558422037506e-05,0.0001673270320311106,0.004356060606060606,0.0,0.004356060606060606,3
quality,on,2,5,47,3007,3007,0.28567363301865795,0.0,2705.943371714044,67.6485842928511,10,0,24.825687403354106,175.22060892331368,31.98628627401088,296.88923896455356,172.70680095523926,291.01931033427127,31.98628627401088,196.47984344670954,0.0,0.0,0.0,0.0,0.0,0.0,0.0,0.0,0.0,0.0,0.027777777777777773,0.0027777281156288313,6.621619859514401e-07,3.3288988643630075e-06,0.0027777777777777775,0.0,0.0027777777777777775,1
quality,on,2,6,48,3025,3025,0.28573522838423265,0.0,2742.948441768502,68.57371104421256,10,0,27.126424757897002,181.33342828070414,36.6980697922228,306.6608978463917,178.26052701044742,306.6608978463917,36.6980697922228,200.20607655287122,0.0,0.0,0.0,0.0,0.0,0.0,0.0,0.0,0.0,0.0,0.016666666666666666,0.0011393229166666667,0.007031250000000001,0.004557291666666667,0.0016666666666666666,0.0,0.0016666666666666666,2
quality,on,2,7,49,3007,3007,0.28623894345830386,0.0,2735.4210968738835,68.38552742184709,10,0,28.132973437467058,178.95991177275872,47.17419179001138,305.6090370503955,175.63141927676074,289.04586636486175,47.17419179001138,199.79527195607486,0.0,0.0,0.0,0.0,0.0,0.0,0.0,0.0,0.0,0.0,0.02627985260703347,0.004624736186092378,0.001973214488465271,0.009919976696273808,0.006856060606060606,0.08333333333333333,0.006856060606060606,1
quality,on,2,8,50,3022,3022,0.2867396223726206,0.0,2717.6152358988315,67.94038089747079,10,0,25.490448114671384,178.04283092703128,30.020302194951768,304.6094298387878,173.5861384295848,292.0014546431902,30.020302194951768,208.44486092733095,0.0,0.0,0.0,0.0,0.0,0.0,0.0,0.0,0.0,0.0,0.04571012769426618,0.010232927772300641,6.889954392796e-05,0.00034637991670173477,0.010238095238095237,0.0,0.010238095238095237,7
quality,on,2,9,51,3004,3004,0.28590829920938615,0.0,2708.949635205954,67.72374088014885,10,0,25.545577506057338,175.77928139581104,35.5705262480024,305.8157767574957,172.57436515364392,295.93515756576903,35.5705262480024,195.4204696112377,0.0,0.0,0.0,0.0,0.0,0.0,0.0,0.0,0.0,0.0,0.027777777777777773,0.004458921609006615,0.010918082250282169,0.00870211438741535,0.005277777777777778,0.0,0.005277777777777778,5
recency,off,0,0,42,2980,2980,0.298614192656,0.0,2937.2054525819804,73.43013631454951,10,0,60.09427801711695,208.3304780636422,147.2790157008474,388.1102755616381,164.473903763392,298.3906362144351,212.0017835882467,293.034469126694,0.0,0.0,0.0,0.0,0.0,0.0,0.0,0.0,0.0,0.0,0.8464560826020527,0.6829199058491515,0.8365739948858059,0.838054186035496,0.7242350290512727,0.8064516129032258,0.766912955465587,560
recency,off,0,1,43,2958,2958,0.29716298126687846,0.0,2928.6400893095497,73.21600223273875,10,0,60.03647321498663,206.351465540159,147.7063670005183,390.23755647491754,163.76777607824206,288.65973453654163,214.4740186733788,288.8871228611087,0.0,0.0,0.0,0.0,0.0,0.0,0.0,0.0,0.0,0.0,0.944572543312856,0.6544585041675195,0.933429407484642,0.9085258918866803,0.6048579074841542,0.7674418604651163,0.7457157097288676,548
recency,off,0,2,44,2957,2957,0.29689193880036424,0.0,2932.0526922427266,73.30131730606817,10,0,60.145667418903585,206.3798155805288,156.0602133663181,384.1480748328469,163.48329214180146,293.56320646088903,215.59462854081283,286.8702839763886,0.0,0.0,0.0,0.0,0.0,0.0,0.0,0.0,0.0,0.0,0.9276577703770043,0.6593542386502962,0.9276577703770043,0.7958965124617484,0.6530561973249023,0.7733333333333333,0.7539285714285715,547
recency,off,0,3,45,2974,2974,0.29847854361113724,0.0,2931.3646495368625,73.28411623842156,10,0,59.97543086873113,207.34867503235552,152.86087944745876,389.68625256429306,165.14087217400103,293.9429761635335,209.77804403203365,289.46024854199095,0.0,0.0,0.0,0.0,0.0,0.0,0.0,0.0,0.0,0.0,0.9360182901154418,0.6690103086377237,0.8406277122621791,0.8786171733559789,0.6322341155438111,0.7678571428571429,0.7533073870573871,572
recency,off,0,4,46,2995,2995,0.29831839783084785,0.0,2954.1209776879855,73.85302444219964,10,0,60.459440520234736,210.82233893362454,157.7126708117863,396.36692359726567,167.022947566137,295.47785660535266,214.0862978602145,298.2607747369283,0.0,0.0,0.0,0.0,0.0,0.0,0.0,0.0,0.0,0.0,0.9097803431900211,0.6732717961557444,0.8381220830027729,0.8771128914671793,0.6679397755983053,0.7906976744186046,0.7561309523809524,552
recency,off,0,5,47,2998,2998,0.2969368376048439,0.0,2970.580930235733,74.26452325589332,10,0,60.917086183403775,211.28935266691187,155.6174421227176,393.5101302122098,168.06075808488245,295.92510542482444,213.66850650580852,297.46768311459556,0.0,0.0,0.0,0.0,0.0,0.0,0.0,0.0,0.0,0.0,0.9047768519650292,0.6687206106650472,0.8895152344227467,0.8713846536231129,0.65296634758474,0.782608695652174,0.7566842532467533,540
recency,off,0,6,48,2972,2972,0.29720557894649946,0.0,2941.6119901620664,73.54029975405166,10,0,60.294470298884185,208.39390079463436,150.2955174943167,387.6193029254944,164.5886739750288,296.756597743775,212.6894695360829,293.48044840815646,0.0,0.0,0.0,0.0,0.0,0.0,0.0,0.0,0.0,0.0,0.9330037869752085,0.7289974128043066,0.8743978553214165,0.9086159964570196,0.7540441650897821,0.8545454545454545,0.815827251953413,560
recency,off,0,7,49,2985,2985,0.2966727943255172,0.0,2960.9272192596495,74.02318048149124,10,0,60.74785938998956,210.57461096406942,156.46562951821886,384.0692005794704,165.9668619143582,305.9759450878344,215.24001772171246,294.364487672499,0.0,0.0,0.0,0.0,0.0,0.0,0.0,0.0,0.0,0.0,0.9085974266773741,0.6758721808089738,0.8009268851029786,0.8331942683294977,0.6909942366831832,0.7983193277310925,0.7559416971916972,529
recency,off,0,8,50,2979,2979,0.29808249514960117,0.0,2939.566948454815,73.48917371137037,10,0,60.17255730749442,209.03891456204315,148.5666069839277,391.4218380720294,164.2371769422174,306.98651234454445,207.29781818899593,295.34087671679333,0.0,0.0,0.0,0.0,0.0,0.0,0.0,0.0,0.0,0.0,0.9419780565822211,0.7413393922119869,0.9189835424366658,0.9240754854276609,0.6354299504972885,0.7936507936507936,0.8315131578947368,594
recency,off,0,9,51,2977,2977,0.2977910898186485,0.0,2941.4200646177983,73.53550161544496,10,0,60.24470778287631,209.20212507700035,146.9694816976514,394.8132333735487,163.75509418408907,301.9954531878149,215.9141185150163,295.7905569813189,0.0,0.0,0.0,0.0,0.0,0.0,0.0,0.0,0.0,0.0,0.8982558234771211,0.6785468473857152,0.8620924550251966,0.8658490105355774,0.6228855259497068,0.765625,0.7644537815126051,531
recency,off,2,0,42,3000,3000,0.28874019444608334,0.0,3057.259972471158,76.43149931177895,10,0,63.448822719739816,214.46354197293584,149.82666840425114,381.4166130243643,175.69236323898917,303.6945089521807,210.60420132669137,288.09126500827574,0.0,0.0,0.0,0.0,0.0,0.0,0.0,0.0,0.0,0.0,0.18134280501166952,0.09913098695116823,0.1233789958642981,0.1164664819418346,0.11065713891371787,0.09090909090909091,0.11065713891371787,74
recency,off,2,1,43,2986,2986,0.2876358660080759,0.0,3053.0489914320938,76.32622478580234,10,0,63.44849974800261,212.70428822850786,156.2048796692117,381.69133735721164,174.1456475199684,293.39655518196764,212.7059387618884,288.033251610706,0.0,0.0,0.0,0.0,0.0,0.0,0.0,0.0,0.0,0.0,0.20085778904293897,0.10273415876517082,0.10370346495663743,0.12241304875439907,0.11551191863691863,0.2,0.11551191863691863,67
recency,off,2,2,44,2987,2987,0.2870907944059475,0.0,3059.9690701965537,76.49922675491385,10,0,63.64320794695732,211.405594491207,159.0252683078256,380.46525795771765,173.7812266252807,300.8854068630559,210.66084585929804,279.91116621901597,0.0,0.0,0.0,0.0,0.0,0.0,0.0,0.0,0.0,0.0,0.17324601665365197,0.10500016658870859,0.0818335356529756,0.08387691426145392,0.1149838356088356,0.15384615384615385,0.1149838356088356,97
recency,off,2,3,45,2987,2987,0.28815617498956725,0.0,3050.5192461306333,76.26298115326583,10,0,63.36527194501849,213.09073501957067,163.16914101215914,378.9013805055842,174.53339044197844,303.4872635616962,207.56597381023067,286.3268850859547,0.0,0.0,0.0,0.0,0.0,0.0,0.0,0.0,0.0,0.0,0.17200036382360068,0.08942423551842109,0.06720556634191553,0.084125800280171,0.09724243077184254,0.1111111111111111,0.09724243077184254,54
recency,off,2,4,46,2994,2994,0.2889086503204967,0.0,3048.894996787814,76.22237491969534,10,0,63.25573519964145,214.29394403088136,161.62932199283355,385.7862478617095,176.41342453187676,292.4240807136996,213.92734730564396,289.0537325491049,0.0,0.0,0.0,0.0,0.0,0.0,0.0,0.0,0.0,0.0,0.13334220958005433,0.07913494859656983,0.10000665718504075,0.10517343628685571,0.08976044788544787,0.125,0.08976044788544787,66
recency,off,2,5,47,3008,3008,0.2874113561638888,0.0,3078.078459230148,76.9519614807537,10,0,63.99054291853362,213.92844144557884,165.25529258348075,380.7724800649119,175.88034726027774,300.93517279595613,215.9274236338349,283.5698672321656,0.0,0.0,0.0,0.0,0.0,0.0,0.0,0.0,0.0,0.0,0.15833654874851172,0.09571292291817106,0.09365688484181155,0.11348633992208124,0.10273718928130693,0.0,0.10273718928130693,85
recency,off,2,6,48,3004,3004,0.2867808639975773,0.0,3079.940606975794,76.99851517439484,10,0,64.08060608752321,215.3571137159929,167.23234523296182,387.11068877103185,178.3067574655408,289.73238924723546,218.75772814150903,287.62023748897,0.0,0.0,0.0,0.0,0.0,0.0,0.0,0.0,0.0,0.0,0.1807221738081819,0.10113236574902755,0.1078695629807388,0.09790501980207048,0.11636544011544012,0.2857142857142857,0.11636544011544012,69
recency,off,2,7,49,3028,3028,0.2873486922178403,0.0,3099.3076001160935,77.48269000290233,10,0,64.43845882694377,218.36123463069393,167.81469503234106,387.30653885050276,177.79521192987886,313.04022690632564,214.88621913208527,294.4573143446276,0.0,0.0,0.0,0.0,0.0,0.0,0.0,0.0,0.0,0.0,0.1748631420787216,0.08825854218169886,0.07057632905188693,0.10119298638758165,0.10105176686059039,0.3,0.10105176686059039,64
recency,off,2,8,50,2997,2997,0.2873749618093492,0.0,3067.1199568158936,76.67799892039734,10,0,63.76529284752614,213.05955309779256,162.09727773971787,375.6918852414827,175.3754607762254,298.2501876644213,207.80636661931632,286.1431060184179,0.0,0.0,0.0,0.0,0.0,0.0,0.0,0.0,0.0,0.0,0.176302163485468,0.09450039212172215,0.06750639264304484,0.09941606899131684,0.10340952541610435,0.15384615384615385,0.10340952541610435,72
recency,off,2,9,51,3016,3016,0.2874253371100395,0.0,3085.8234366407073,77.14558591601768,10,0,64.14774813649124,215.32005685315102,171.25310718371287,375.3596244032421,176.45103239746945,292.66285858091544,218.20632803712272,291.81259376432786,0.0,0.0,0.0,0.0,0.0,0.0,0.0,0.0,0.0,0.0,0.16017118394849433,0.08456838688891248,0.05071821144453685,0.0789538668702851,0.09149725274725275,0.125,0.09149725274725275,66
recency,on,0,0,42,3008,3008,0.2883151824471325,0.0,2698.3567902441737,67.45891975610434,10,0,25.804317360122628,179.65742150479988,36.59912729117999,324.10503567284,171.38537974888325,310.36998895010237,36.59912729117999,210.64641015670855,0.0,0.0,0.0,0.0,0.0,0.0,0.0,0.0,0.0,0.0,0.12849431577980888,0.046744505263882755,0.12849431577980888,0.10425720068407732,0.0444797980932734,0.09523809523809523,0.060131578947368425,41
recency,on,0,1,43,2991,2991,0.2862343209175906,0.0,2672.2889579336465,66.80722394834116,10,0,23.140263468636515,174.9996908291791,29.312781123108817,306.3543153745593,171.09045019949318,291.8076580417034,29.312781123108817,201.16688396500987,0.0,0.0,0.0,0.0,0.0,0.0,0.0,0.0,0.0,0.0,0.084814453125,0.006138916015625,0.084814453125,0.0245556640625,0.008322014406738413,0.07317073170731707,0.01625,7
recency,on,0,2,44,2979,2979,0.2887535832109105,0.0,2634.353928324357,65.85884820810892,10,0,22.149821421304488,172.69876373848052,34.62354151459324,301.635535459557,168.70629091810747,294.7885692817507,34.62354151459324,192.66889053990815,0.0,0.0,0.0,0.0,0.0,0.0,0.0,0.0,0.0,0.0,0.28866232703679906,0.16013133448041628,0.17773230439367005,0.22537933226517876,0.1410995946357809,0.14285714285714285,0.17596125730994153,148
recency,on,0,3,45,2993,2993,0.2883415653021992,0.0,2668.4264764297454,66.71066191074364,10,0,24.067543424404157,175.59803753432908,28.36812757744921,307.87192469963463,170.54228260441826,298.9951870001115,28.36812757744921,202.6816825696102,0.0,0.0,0.0,0.0,0.0,0.0,0.0,0.0,0.0,0.0,0.1989052139737398,0.0788321089519695,0.1989052139737398,0.1944961625148243,0.062482079135655434,0.11320754716981132,0.0975,54
recency,on,0,4,46,2994,2994,0.2904230461138599,0.0,2656.0832989771384,66.40208247442845,10,0,24.21068526403338,176.52029824504694,35.65190481598872,319.27370848842,169.92979323425791,300.28355364263865,35.65190481598872,204.84438229314736,0.0,0.0,0.0,0.0,0.0,0.0,0.0,0.0,0.0,0.0,0.22177638597555444,0.130336702938735,0.21633228948166586,0.20470630195561812,0.12713966879341024,0.17142857142857143,0.15156162464985995,122
recency,on,0,5,47,3003,3003,0.2879785080813044,0.0,2671.986380574791,66.79965951436978,10,0,23.368128840434906,176.3483457478893,31.98848296276286,307.2063361334305,175.48536721304492,289.18530305709584,31.98848296276286,194.69873409038246,0.0,0.0,0.0,0.0,0.0,0.0,0.0,0.0,0.0,0.0,0.23763905175828826,0.1191413414753941,0.23763905175828826,0.21106745907241636,0.11795656468304716,0.175,0.14321427035726572,102
recency,on,0,6,48,3025,3025,0.28702069033308686,0.0,2726.270102827331,68.15675257068327,10,0,26.40412067139196,180.74968748619648,45.677302609337175,299.3719784868478,178.11215920919537,299.3719784868478,45.677302609337175,196.88731925530385,0.0,0.0,0.0,0.0,0.0,0.0,0.0,0.0,0.0,0.0,0.1700094315467202,0.10334811920302381,0.1700094315467202,0.14405869415298175,0.11057732534786782,0.17073170731707318,0.12109882656902782,81
recency,on,0,7,49,3002,3002,0.2876269224350089,0.0,2683.7489709761167,67.09372427440292,10,0,24.39849914635624,177.45696243751723,36.614504021683125,300.19872477267336,174.08280924324512,293.9673187374948,36.614504021683125,199.7454730782619,0.0,0.0,0.0,0.0,0.0,0.0,0.0,0.0,0.0,0.0,0.15168555174674186,0.08527168259114577,0.06816438429703198,0.056326264798502,0.102398497252927,0.15,0.09538401141342318,70
recency,on,0,8,50,3005,3005,0.2884866935189848,0.0,2663.3872160554647,66.58468040138662,10,0,22.774918119278244,177.74887507798258,25.8946252743386,310.22888937368225,172.38046142959675,310.22888937368225,25.8946252743386,203.54123377711213,0.0,0.0,0.0,0.0,0.0,0.0,0.0,0.0,0.0,0.0,0.17891103352675927,0.09700693908336028,0.17891103352675927,0.15635217331013335,0.0836592966548938,0.125,0.11542526659786723,73
recency,on,0,9,51,3000,3000,0.289027044347155,0.0,2667.1801866001933,66.67950466500483,10,0,23.89853490000557,177.2820426485503,34.063647262193676,315.19067644675215,170.5222736927302,315.19067644675215,34.063647262193676,200.21623031008792,0.0,0.0,0.0,0.0,0.0,0.0,0.0,0.0,0.0,0.0,0.34374850539183044,0.16385493604539375,0.33281137904387287,0.3268454781849635,0.12117810168114947,0.18604651162790697,0.1963157894736842,117
recency,on,2,0,42,2995,2995,0.2874173955083201,0.0,2706.2140101754426,67.65535025438606,10,0,26.99717676986585,176.35583700805498,40.91392123854557,310.53205725403535,168.85449410737553,295.1129057965926,40.91392123854557,207.20228920057917,0.0,0.0,0.0,0.0,0.0,0.0,0.0,0.0,0.0,0.0,0.03125,0.003124686086169623,4.18551773835972e-06,2.1041928624121725e-05,0.003125,0.0,0.003125,3
recency,on,2,1,43,3003,3003,0.28626376248001656,0.0,2707.746108293318,67.69365270733294,10,0,25.741062008626862,177.80618454301376,39.93501408116498,315.99912945418606,173.71560160318822,291.62228346998046,39.93501408116498,202.10546912993135,0.0,0.0,0.0,0.0,0.0,0.0,0.0,0.0,0.0,0.0,0.04177327324910333,0.006068364570999884,0.005576058874254697,0.019390645783999537,0.006486568986568986,0.0,0.006486568986568986,4
recency,on,2,2,44,2986,2986,0.28673720043089485,0.0,2666.380990171666,66.65952475429165,10,0,23.332676181519446,172.34138622474038,33.09781473217184,292.82066979836213,169.53728081133497,292.19642803785644,33.09781473217184,190.44796730468292,0.0,0.0,0.0,0.0,0.0,0.0,0.0,0.0,0.0,0.0,0.02784384469317223,0.004772911968490641,0.00117598856827292,0.005912068485481877,0.00486111111111111,0.0,0.00486111111111111,4
recency,on,2,3,45,2988,2988,0.28717091931655875,0.0,2715.8167933144746,67.89541983286186,10,0,28.329023332778558,176.52179157267506,37.51071404298884,305.57712381649276,170.4501052115987,281.37710211540747,37.51071404298884,211.81473414938108,0.0,0.0,0.0,0.0,0.0,0.0,0.0,0.0,0.0,0.0,0.05715738932291666,0.012325624180458088,0.018991677593892177,0.005589990115588797,0.013750000000000002,0.0,0.013750000000000002,13
recency,on,2,4,46,3010,3010,0.2872258687195066,0.0,2739.827783412466,68.49569458531165,10,0,28.962875982719492,180.59167800771664,45.800502425634825,322.6853354361128,175.39434969730215,286.572572419834,45.800502425634825,210.58880352394235,0.0,0.0,0.0,0.0,0.0,0.0,0.0,0.0,0.0,0.0,0.024878299597537876,0.004353564339178953,3.3283558422037506e-05,0.0001673270320311106,0.004356060606060606,0.0,0.004356060606060606,3
recency,on,2,5,47,3007,3007,0.28567363301865795,0.0,2705.943371714044,67.6485842928511,10,0,24.825687403354106,175.22060892331368,31.98628627401088,296.88923896455356,172.70680095523926,291.01931033427127,31.98628627401088,196.47984344670954,0.0,0.0,0.0,0.0,0.0,0.0,0.0,0.0,0.0,0.0,0.027777777777777773,0.0027777281156288313,6.621619859514401e-07,3.3288988643630075e-06,0.0027777777777777775,0.0,0.0027777777777777775,1
recency,on,2,6,48,3025,3025,0.28573522838423265,0.0,2742.948441768502,68.57371104421256,10,0,27.126424757897002,181.33342828070414,36.6980697922228,306.6608978463917,178.26052701044742,306.6608978463917,36.6980697922228,200.20607655287122,0.0,0.0,0.0,0.0,0.0,0.0,0.0,0.0,0.0,0.0,0.016666666666666666,0.0011393229166666667,0.007031250000000001,0.004557291666666667,0.0016666666666666666,0.0,0.0016666666666666666,2
recency,on,2,7,49,3007,3007,0.28623894345830386,0.0,2735.4210968738835,68.38552742184709,10,0,28.132973437467058,178.95991177275872,47.17419179001138,305.6090370503955,175.63141927676074,289.04586636486175,47.17419179001138,199.79527195607486,0.0,0.0,0.0,0.0,0.0,0.0,0.0,0.0,0.0,0.0,0.02627985260703347,0.004624736186092378,0.001973214488465271,0.009919976696273808,0.006856060606060606,0.08333333333333333,0.006856060606060606,1
recency,on,2,8,50,3022,3022,0.2867396223726206,0.0,2717.6152358988315,67.94038089747079,10,0,25.490448114671384,178.04283092703128,30.020302194951768,304.6094298387878,173.5861384295848,292.0014546431902,30.020302194951768,208.44486092733095,0.0,0.0,0.0,0.0,0.0,0.0,0.0,0.0,0.0,0.0,0.04571012769426618,0.010232927772300641,6.889954392796e-05,0.00034637991670173477,0.010238095238095237,0.0,0.010238095238095237,7
recency,on,2,9,51,3004,3004,0.28590829920938615,0.0,2708.949635205954,67.72374088014885,10,0,25.545577506057338,175.77928139581104,35.5705262480024,305.8157767574957,172.57436515364392,295.93515756576903,35.5705262480024,195.4204696112377,0.0,0.0,0.0,0.0,0.0,0.0,0.0,0.0,0.0,0.0,0.027777777777777773,0.004458921609006615,0.010918082250282169,0.00870211438741535,0.005277777777777778,0.0,0.005277777777777778,5
engagement,off,0,0,42,2986,2986,0.2965844262058047,0.0,2962.813873058695,74.07034682646739,10,0,60.79452567819679,209.38701078636572,152.81321374507107,385.7305618478478,166.23716726555512,297.37155650523977,211.41763149794576,293.8289581335705,0.0,0.0,0.0,0.0,0.0,0.0,0.0,0.0,0.0,0.0,0.6499866280214549,0.5594139583639779,0.6499866280214549,0.6499327748116965,0.7249062039893068,0.788135593220339,0.6244129554655871,480
engagement,off,0,1,43,3003,3003,0.29080292967693244,0.0,3037.816427514049,75.94541068785122,10,0,62.850483162177774,214.7658560807638,148.62276227435083,396.1590262910498,173.89579410603594,293.1104245427702,216.36606991454929,297.4036508570516,0.0,0.0,0.0,0.0,0.0,0.0,0.0,0.0,0.0,0.0,0.3999901702211597,0.3394664469622807,0.3999901702211597,0.39995058257599725,0.5803270740739463,0.6923076923076923,0.3794657097288677,279
engagement,off,0,2,44,2991,2991,0.2925412178150447,0.0,3007.8424993618924,75.1960624840473,10,0,62.074779392996696,212.07220924620782,160.89624288564724,391.4951656042099,171.91604834564455,292.5979293319529,215.92631069268842,290.35078118178467,0.0,0.0,0.0,0.0,0.0,0.0,0.0,0.0,0.0,0.0,0.49998873378678194,0.4289294163945628,0.49998873378678194,0.49994336116360777,0.6723230793695241,0.7517241379310344,0.4789285714285715,372
engagement,off,0,3,45,2989,2989,0.2932814346098981,0.0,2999.142002090102,74.97855005225254,10,0,61.83652947323817,212.07054991131795,158.1283194119818,387.365921094029,170.8357716307112,299.5338580442941,209.83004118574692,293.1634850494356,0.0,0.0,0.0,0.0,0.0,0.0,0.0,0.0,0.0,0.0,0.4499891538028401,0.38455820052217404,0.4499891538028401,0.4499454727178935,0.6192072778657854,0.7016129032258065,0.4295573870573871,319
engagement,off,0,4,46,2987,2987,0.29528332906987387,0.0,2976.373283364864,74.4093320841216,10,0,61.1845083342606,211.48001809250553,151.00611385337498,401.9431363174576,166.83367383902987,294.1042495347066,212.56936686102216,303.5622607475737,0.0,0.0,0.0,0.0,0.0,0.0,0.0,0.0,0.0,0.0,0.5999841144186419,0.5073821437995543,0.5999841144186419,0.5999201381310539,0.6466543329148734,0.75,0.5673809523809523,400
engagement,off,0,5,47,3015,3015,0.29255904299895846,0.0,3031.858582341796,75.7964645585449,10,0,62.56937006887622,214.67957733686234,160.33980027581396,397.0927255791822,173.75753459422762,296.68004589647154,217.1310025384969,295.2197586841448,0.0,0.0,0.0,0.0,0.0,0.0,0.0,0.0,0.0,0.0,0.49998790909412666,0.42668516006469376,0.49998790909412666,0.4999392151713858,0.6257810924495883,0.6993006993006993,0.4766842532467533,370
engagement,off,0,6,48,2987,2987,0.2949595003692409,0.0,2979.432463849766,74.48581159624415,10,0,61.27448423087534,211.57270354298043,152.25265713580015,393.41825494773497,168.98092684474787,297.59407411853874,215.21120754398459,294.5180963493968,0.0,0.0,0.0,0.0,0.0,0.0,0.0,0.0,0.0,0.0,0.6999794125446434,0.5895787960125647,0.6999794125446434,0.6998965003153133,0.7023688619884566,0.7642276422764228,0.6595772519534129,474
engagement,off,0,7,49,3004,3004,0.2932501343819694,0.0,3014.5193833010662,75.36298458252665,10,0,62.15645245003121,214.65597284038296,162.13292541307374,386.14449646195106,173.38536393149414,306.41113581356615,212.24717975911733,293.79461462109066,0.0,0.0,0.0,0.0,0.0,0.0,0.0,0.0,0.0,0.0,0.5499879361141076,0.4684426019831391,0.5499879361141076,0.5499393510094222,0.6621008034675304,0.7313432835820896,0.5234416971916972,372
engagement,off,0,8,50,2980,2980,0.2896162344061074,0.0,3026.5752383474214,75.66438095868554,10,0,62.7228011278652,214.5309570560807,158.78913674282185,394.75939785121847,171.12913267602866,317.39239534924377,209.91117230271152,295.61560342633993,0.0,0.0,0.0,0.0,0.0,0.0,0.0,0.0,0.0,0.0,0.1999964870564114,0.175263421365506,0.1999964870564114,0.19998233931549853,0.5392553147347623,0.6688741721854304,0.19526315789473686,151
engagement,off,0,9,51,2994,2994,0.29029312466717855,0.0,3034.380932225556,75.8595233056389,10,0,62.82885094781035,215.0421169007856,163.5926328372302,390.25424896228174,172.64228079506492,310.1452506993734,213.5539300530708,295.4341517425112,0.0,0.0,0.0,0.0,0.0,0.0,0.0,0.0,0.0,0.0,0.2999931858523698,0.2569542925736773,0.2999931858523698,0.2999657431130311,0.5954595989538596,0.7034482758620689,0.28695378151260503,204
engagement,off,2,0,42,3000,3000,0.28874019444608334,0.0,3057.259972471158,76.43149931177895,10,0,63.448822719739816,214.46354197293584,149.82666840425114,381.4166130243643,175.69236323898917,303.6945089521807,210.60420132669137,288.09126500827574,0.0,0.0,0.0,0.0,0.0,0.0,0.0,0.0,0.0,0.0,0.18134280501166952,0.09913098695116823,0.1233789958642981,0.1164664819418346,0.11065713891371787,0.09090909090909091,0.11065713891371787,74
engagement,off,2,1,43,2986,2986,0.2876358660080759,0.0,3053.0489914320938,76.32622478580234,10,0,63.44849974800261,212.70428822850786,156.2048796692117,381.69133735721164,174.1456475199684,293.39655518196764,212.7059387618884,288.033251610706,0.0,0.0,0.0,0.0,0.0,0.0,0.0,0.0,0.0,0.0,0.20085778904293897,0.10273415876517082,0.10370346495663743,0.12241304875439907,0.11551191863691863,0.2,0.11551191863691863,67
engagement,off,2,2,44,2987,2987,0.2870907944059475,0.0,3059.9690701965537,76.49922675491385,10,0,63.64320794695732,211.405594491207,159.0252683078256,380.46525795771765,173.7812266252807,300.8854068630559,210.66084585929804,279.91116621901597,0.0,0.0,0.0,0.0,0.0,0.0,0.0,0.0,0.0,0.0,0.17324601665365197,0.10500016658870859,0.0818335356529756,0.08387691426145392,0.1149838356088356,0.15384615384615385,0.1149838356088356,97
engagement,off,2,3,45,2987,2987,0.28815617498956725,0.0,3050.5192461306333,76.26298115326583,10,0,63.36527194501849,213.09073501957067,163.16914101215914,378.9013805055842,174.53339044197844,303.4872635616962,207.56597381023067,286.3268850859547,0.0,0.0,0.0,0.0,0.0,0.0,0.0,0.0,0.0,0.0,0.17200036382360068,0.08942423551842109,0.06720556634191553,0.084125800280171,0.09724243077184254,0.1111111111111111,0.09724243077184254,54
engagement,off,2,4,46,2994,2994,0.2889086503204967,0.0,3048.894996787814,76.22237491969534,10,0,63.25573519964145,214.29394403088136,161.62932199283355,385.7862478617095,176.41342453187676,292.4240807136996,213.92734730564396,289.0537325491049,0.0,0.0,0.0,0.0,0.0,0.0,0.0,0.0,0.0,0.0,0.13334220958005433,0.07913494859656983,0.10000665718504075,0.10517343628685571,0.08976044788544787,0.125,0.08976044788544787,66
engagement,off,2,5,47,3008,3008,0.2874113561638888,0.0,3078.078459230148,76.9519614807537,10,0,63.99054291853362,213.92844144557884,165.25529258348075,380.7724800649119,175.88034726027774,300.93517279595613,215.9274236338349,283.5698672321656,0.0,0.0,0.0,0.0,0.0,0.0,0.0,0.0,0.0,0.0,0.15833654874851172,0.09571292291817106,0.09365688484181155,0.11348633992208124,0.10273718928130693,0.0,0.10273718928130693,85
engagement,off,2,6,48,3004,3004,0.2867808639975773,0.0,3079.940606975794,76.99851517439484,10,0,64.08060608752321,215.3571137159929,167.23234523296182,387.11068877103185,178.3067574655408,289.73238924723546,218.75772814150903,287.62023748897,0.0,0.0,0.0,0.0,0.0,0.0,0.0,0.0,0.0,0.0,0.1807221738081819,0.10113236574902755,0.1078695629807388,0.09790501980207048,0.11636544011544012,0.2857142857142857,0.11636544011544012,69
engagement,off,2,7,49,3028,3028,0.2873486922178403,0.0,3099.3076001160935,77.48269000290233,10,0,64.43845882694377,218.36123463069393,167.81469503234106,387.30653885050276,177.79521192987886,313.04022690632564,214.88621913208527,294.4573143446276,0.0,0.0,0.0,0.0,0.0,0.0,0.0,0.0,0.0,0.0,0.1748631420787216,0.08825854218169886,0.07057632905188693,0.10119298638758165,0.10105176686059039,0.3,0.10105176686059039,64
engagement,off,2,8,50,2997,2997,0.2873749618093492,0.0,3067.1199568158936,76.67799892039734,10,0,63.76529284752614,213.05955309779256,162.09727773971787,375.6918852414827,175.3754607762254,298.2501876644213,207.80636661931632,286.1431060184179,0.0,0.0,0.0,0.0,0.0,0.0,0.0,0.0,0.0,0.0,0.176302163485468,0.09450039212172215,0.06750639264304484,0.09941606899131684,0.10340952541610435,0.15384615384615385,0.10340952541610435,72
engagement,off,2,9,51,3016,3016,0.2874253371100395,0.0,3085.8234366407073,77.14558591601768,10,0,64.14774813649124,215.32005685315102,171.25310718371287,375.3596244032421,176.45103239746945,292.66285858091544,218.20632803712272,291.81259376432786,0.0,0.0,0.0,0.0,0.0,0.0,0.0,0.0,0.0,0.0,0.16017118394849433,0.08456838688891248,0.05071821144453685,0.0789538668702851,0.09149725274725275,0.125,0.09149725274725275,66
engagement,on,0,0,42,3006,3006,0.2878558071821184,0.0,2702.7198560837323,67.56799640209331,10,0,26.10146635540378,179.60731611627676,35.429367821488015,319.2760900481135,171.73898245024768,312.3299339880461,35.429367821488015,208.93998232587373,0.0,0.0,0.0,0.0,0.0,0.0,0.0,0.0,0.0,0.0,0.04996391312071957,0.02763428546331445,0.04996391312071957,0.04981857978258536,0.043350871969524814,0.07894736842105263,0.03263157894736842,25
engagement,on,0,1,43,2992,2992,0.2859670658225138,0.0,2673.0315414192423,66.82578853548105,10,0,22.941515924095228,175.00387021001615,28.63921666382675,304.82209026439125,171.72801001613325,293.4685354606866,28.63921666382675,198.78144493942438,0.0,0.0,0.0,0.0,0.0,0.0,0.0,0.0,0.0,0.0,0.0,0.0,0.0,0.0,0.007488569396464133,0.06666666666666667,0.0,0
engagement,on,0,2,44,2984,2984,0.2876859392682592,0.0,2650.209420619279,66.25523551548198,10,0,22.582041782919827,173.93854260047368,34.408242754362384,299.7341407972343,170.76052543712944,299.7341407972343,34.408242754362384,190.3399449151816,0.0,0.0,0.0,0.0,0.0,0.0,0.0,0.0,0.0,0.0,0.1499827632275023,0.10846255006787883,0.1499827632275023,0.14991334526353034,0.13066954076704945,0.16326530612244897,0.12346125730994151,85
engagement,on,0,3,45,3005,3005,0.2878559673145149,0.0,2686.2120756528598,67.1553018913215,10,0,24.525061048613402,177.56472883392172,29.992876879022905,307.298860324836,172.86389868140625,296.1453451517736,29.992876879022905,206.16283710999159,0.0,0.0,0.0,0.0,0.0,0.0,0.0,0.0,0.0,0.0,0.049971779620318804,0.028752116528476084,0.049971779620318804,0.049858127177540075,0.0746431074772437,0.14285714285714285,0.03375,23
engagement,on,0,4,46,2994,2994,0.290380946381056,0.0,2656.5320030656853,66.41330007664213,10,0,24.223882443108288,176.5427334494743,35.65190481598872,319.27370848842,169.9778647735777,300.2194764509934,35.65190481598872,204.84438229314736,0.0,0.0,0.0,0.0,0.0,0.0,0.0,0.0,0.0,0.0,0.19992603948166582,0.129067171688735,0.19992603948166582,0.19962817695561813,0.12713966879341024,0.17142857142857143,0.14906162464985995,121
engagement,on,0,5,47,3005,3005,0.28728295321321506,0.0,2683.4588614977024,67.08647153744256,10,0,23.869378279344065,177.99357437511628,30.844066178992854,309.8719246996348,175.54225188396188,294.0999899630512,30.844066178992854,200.86908815267367,0.0,0.0,0.0,0.0,0.0,0.0,0.0,0.0,0.0,0.0,0.09997860650864883,0.08196587486911705,0.09997860650864883,0.0998924481160582,0.12859894955174161,0.18604651162790697,0.09196427035726572,75
engagement,on,0,6,48,3020,3020,0.28675994463305055,0.0,2724.1513697500673,68.10378424375168,10,0,26.35562852206068,180.0526797181539,47.578692994862266,296.2715212366912,178.12223172109148,293.01537123200114,47.578692994862266,195.59967131406353,0.0,0.0,0.0,0.0,0.0,0.0,0.0,0.0,0.0,0.0,0.11902063268113075,0.0860944169766706,0.10005879456476283,0.10029557897315489,0.11276970029439093,0.15789473684210525,0.09609882656902781,62
engagement,on,0,7,49,2999,2999,0.287924863338486,0.0,2666.730389314246,66.66825973285616,10,0,23.147952626889467,175.6494470270996,30.360771290123065,299.22679874374296,173.1296091141113,292.5262236905217,30.360771290123065,197.4149103028418,0.0,0.0,0.0,0.0,0.0,0.0,0.0,0.0,0.0,0.0,0.15168555174674186,0.09660901412457777,0.10033329718460522,0.10167559093223003,0.10495242230685206,0.1282051282051282,0.10663401141342317,75
engagement,on,0,8,50,3002,3002,0.28757684292932206,0.0,2671.9817769847555,66.79954442461889,10,0,23.18534638190446,177.4748656351346,27.52441011912504,319.38022193396495,171.11445809356755,306.837978131769,27.52441011912504,206.84975976952342,0.0,0.0,0.0,0.0,0.0,0.0,0.0,0.0,0.0,0.0,0.04999863233672508,0.04167536917261283,0.04999863233672508,0.04999312432181355,0.09711815032458687,0.14893617021276595,0.04667526659786722,26
engagement,on,0,9,51,2991,2991,0.28704680371817126,0.0,2668.4873161488294,66.71218290372073,10,0,23.381097533788985,175.43739313003334,28.4463313705653,315.513027466737,170.6589919859653,315.513027466737,28.4463313705653,193.23031027361958,0.0,0.0,0.0,0.0,0.0,0.0,0.0,0.0,0.0,0.0,0.04999342065983584,0.035066282924196515,0.04999342065983584,0.049966923564829444,0.07595733999687218,0.0975609756097561,0.04006578947368421,25
engagement,on,2,0,42,2995,2995,0.2874173955083201,0.0,2706.2140101754426,67.65535025438606,10,0,26.99717676986585,176.35583700805498,40.91392123854557,310.53205725403535,168.85449410737553,295.1129057965926,40.91392123854557,207.20228920057917,0.0,0.0,0.0,0.0,0.0,0.0,0.0,0.0,0.0,0.0,0.03125,0.003124686086169623,4.18551773835972e-06,2.1041928624121725e-05,0.003125,0.0,0.003125,3
engagement,on,2,1,43,3003,3003,0.28626376248001656,0.0,2707.746108293318,67.69365270733294,10,0,25.741062008626862,177.80618454301376,39.93501408116498,315.99912945418606,173.71560160318822,291.62228346998046,39.93501408116498,202.10546912993135,0.0,0.0,0.0,0.0,0.0,0.0,0.0,0.0,0.0,0.0,0.04177327324910333,0.006068364570999884,0.005576058874254697,0.019390645783999537,0.006486568986568986,0.0,0.006486568986568986,4
engagement,on,2,2,44,2986,2986,0.28673720043089485,0.0,2666.380990171666,66.65952475429165,10,0,23.332676181519446,172.34138622474038,33.09781473217184,292.82066979836213,169.53728081133497,292.19642803785644,33.09781473217184,190.44796730468292,0.0,0.0,0.0,0.0,0.0,0.0,0.0,0.0,0.0,0.0,0.02784384469317223,0.004772911968490641,0.00117598856827292,0.005912068485481877,0.00486111111111111,0.0,0.00486111111111111,4
engagement,on,2,3,45,2988,2988,0.28717091931655875,0.0,2715.8167933144746,67.89541983286186,10,0,28.329023332778558,176.52179157267506,37.51071404298884,305.57712381649276,170.4501052115987,281.37710211540747,37.51071404298884,211.81473414938108,0.0,0.0,0.0,0.0,0.0,0.0,0.0,0.0,0.0,0.0,0.05715738932291666,0.012325624180458088,0.018991677593892177,0.005589990115588797,0.013750000000000002,0.0,0.013750000000000002,13
engagement,on,2,4,46,3010,3010,0.2872258687195066,0.0,2739.827783412466,68.49569458531165,10,0,28.962875982719492,180.59167800771664,45.800502425634825,322.6853354361128,175.39434969730215,286.572572419834,45.800502425634825,210.58880352394235,0.0,0.0,0.0,0.0,0.0,0.0,0.0,0.0,0.0,0.0,0.024878299597537876,0.004353564339178953,3.3283558422037506e-05,0.0001673270320311106,0.004356060606060606,0.0,0.004356060606060606,3
engagement,on,2,5,47,3007,3007,0.28567363301865795,0.0,2705.943371714044,67.6485842928511,10,0,24.825687403354106,175.22060892331368,31.98628627401088,296.88923896455356,172.70680095523926,291.01931033427127,31.98628627401088,196.47984344670954,0.0,0.0,0.0,0.0,0.0,0.0,0.0,0.0,0.0,0.0,0.027777777777777773,0.0027777281156288313,6.621619859514401e-07,3.3288988643630075e-06,0.0027777777777777775,0.0,0.0027777777777777775,1
engagement,on,2,6,48,3025,3025,0.28573522838423265,0.0,2742.948441768502,68.57371104421256,10,0,27.126424757897002,181.33342828070414,36.6980697922228,306.6608978463917,178.26052701044742,306.6608978463917,36.6980697922228,200.20607655287122,0.0,0.0,0.0,0.0,0.0,0.0,0.0,0.0,0.0,0.0,0.016666666666666666,0.0011393229166666667,0.007031250000000001,0.004557291666666667,0.0016666666666666666,0.0,0.0016666666666666666,2
engagement,on,2,7,49,3007,3007,0.28623894345830386,0.0,2735.4210968738835,68.38552742184709,10,0,28.132973437467058,178.95991177275872,47.17419179001138,305.6090370503955,175.63141927676074,289.04586636486175,47.17419179001138,199.79527195607486,0.0,0.0,0.0,0.0,0.0,0.0,0.0,0.0,0.0,0.0,0.02627985260703347,0.004624736186092378,0.001973214488465271,0.009919976696273808,0.006856060606060606,0.08333333333333333,0.006856060606060606,1
engagement,on,2,8,50,3022,3022,0.2867396223726206,0.0,2717.6152358988315,67.94038089747079,10,0,25.490448114671384,178.04283092703128,30.020302194951768,304.6094298387878,173.5861384295848,292.0014546431902,30.020302194951768,208.44486092733095,0.0,0.0,0.0,0.0,0.0,0.0,0.0,0.0,0.0,0.0,0.04571012769426618,0.010232927772300641,6.889954392796e-05,0.00034637991670173477,0.010238095238095237,0.0,0.010238095238095237,7
engagement,on,2,9,51,3004,3004,0.28590829920938615,0.0,2708.949635205954,67.72374088014885,10,0,25.545577506057338,175.77928139581104,35.5705262480024,305.8157767574957,172.57436515364392,295.93515756576903,35.5705262480024,195.4204696112377,0.0,0.0,0.0,0.0,0.0,0.0,0.0,0.0,0.0,0.0,0.027777777777777773,0.004458921609006615,0.010918082250282169,0.00870211438741535,0.005277777777777778,0.0,0.005277777777777778,5
