benchmark,task_type,gov_config,seed,adversarial_fraction,screening_strength,p,completion_rate,efficiency,fidelity,capability_ratio,safety_score,gov_audit_rate,gov_circuit_breaker_enabled,gov_circuit_breaker_sensitivity,gov_min_stake,gov_bandwidth_cap,gov_confirmation_gates,capability
resource_auction_v1,allocation,tight_uniform,0,0.2,0.0,0.881414088554008,1.0,0.3333333333333333,0.913467925367791,0.913467925367791,0.1826935850735582,0.8,True,0.6,6.0,30,2,0.9073737109436706
resource_auction_v1,allocation,moderate_uniform,0,0.2,0.0,0.8658706538692035,1.0,0.3333333333333333,0.8875622008931168,0.8875622008931168,0.17751244017862336,0.5,True,0.4,4.0,50,1,0.8996019936012684
resource_auction_v1,allocation,light_uniform,0,0.2,0.0,0.9419634914985824,1.0,1.0,0.9032724858309704,0.9032724858309704,0.18065449716619408,0.15,False,,1.0,85,0,0.9709817457492911
resource_auction_v1,allocation,tight_uniform,1,0.2,0.0,0.8609813719237565,1.0,0.3333333333333333,0.8794133976507049,0.8794133976507049,0.175882679530141,0.8,True,0.6,6.0,30,2,0.8971573526285448
resource_auction_v1,allocation,moderate_uniform,1,0.2,0.0,0.9034249402086882,1.0,0.3333333333333333,0.9501526781255913,0.9501526781255913,0.1900305356251183,0.5,True,0.4,4.0,50,1,0.9183791367710107
resource_auction_v1,allocation,light_uniform,1,0.2,0.0,0.9818630803211534,1.0,1.0,0.9697718005352555,0.9697718005352555,0.1939543601070511,0.15,False,,1.0,85,0,0.9909315401605766
resource_auction_v1,allocation,tight_uniform,2,0.2,0.0,0.8610478840613153,1.0,0.3333333333333333,0.879524251213303,0.879524251213303,0.17590485024266062,0.8,True,0.6,6.0,30,2,0.8971906086973241
resource_auction_v1,allocation,moderate_uniform,2,0.2,0.0,0.7502299901181978,1.0,0.3333333333333333,0.6948277613081073,0.6948277613081073,0.13896555226162147,0.5,True,0.4,4.0,50,1,0.8417816617257655
resource_auction_v1,allocation,light_uniform,2,0.2,0.0,0.9821673449482552,1.0,1.0,0.9702789082470917,0.9702789082470917,0.19405578164941836,0.15,False,,1.0,85,0,0.9910836724741275
resource_auction_v1,allocation,tight_uniform,3,0.2,0.0,0.8021515344897998,1.0,0.3333333333333333,0.7813636685941107,0.7813636685941107,0.15627273371882214,0.8,True,0.6,6.0,30,2,0.8677424339115665
resource_auction_v1,allocation,moderate_uniform,3,0.2,0.0,0.8778470640184376,1.0,0.3333333333333333,0.9075228844751736,0.9075228844751736,0.18150457689503474,0.5,True,0.4,4.0,50,1,0.9055901986758853
resource_auction_v1,allocation,light_uniform,3,0.2,0.0,0.9594582916931235,1.0,1.0,0.9324304861552055,0.9324304861552055,0.18648609723104112,0.15,False,,1.0,85,0,0.9797291458465617
resource_auction_v1,allocation,tight_uniform,4,0.2,0.0,0.8973318002216933,1.0,0.3333333333333333,0.9399974448139332,0.9399974448139332,0.18799948896278665,0.8,True,0.6,6.0,30,2,0.9153325667775133
resource_auction_v1,allocation,moderate_uniform,4,0.2,0.0,0.8430927037173713,1.0,0.3333333333333333,0.8495989506400632,0.8495989506400632,0.16991979012801264,0.5,True,0.4,4.0,50,1,0.8882130185253522
resource_auction_v1,allocation,light_uniform,4,0.2,0.0,0.9928009188987149,1.0,1.0,0.988001531497858,0.988001531497858,0.1976003062995716,0.15,False,,1.0,85,0,0.9964004594493573
resource_auction_v1,allocation,tight_uniform,5,0.2,0.0,0.8342297544601768,1.0,0.3333333333333333,0.8348273685447389,0.8348273685447389,0.1669654737089478,0.8,True,0.6,6.0,30,2,0.883781543896755
resource_auction_v1,allocation,moderate_uniform,5,0.2,0.0,0.8827568131626748,1.0,0.3333333333333333,0.915705799715569,0.915705799715569,0.1831411599431138,0.5,True,0.4,4.0,50,1,0.908045073248004
resource_auction_v1,allocation,light_uniform,5,0.2,0.0,0.986606279015854,1.0,1.0,0.9776771316930898,0.9776771316930898,0.19553542633861798,0.15,False,,1.0,85,0,0.9933031395079269
resource_auction_v1,allocation,tight_uniform,6,0.2,0.0,0.846339222165005,1.0,0.3333333333333333,0.8550098147194527,0.8550098147194527,0.17100196294389056,0.8,True,0.6,6.0,30,2,0.8898362777491692
resource_auction_v1,allocation,moderate_uniform,6,0.2,0.0,0.8146547621612215,1.0,0.3333333333333333,0.8022023813798134,0.8022023813798134,0.1604404762759627,0.5,True,0.4,4.0,50,1,0.8739940477472773
resource_auction_v1,allocation,light_uniform,6,0.2,0.0,0.9892740130210864,1.0,1.0,0.9821233550351439,0.9821233550351439,0.1964246710070288,0.15,False,,1.0,85,0,0.9946370065105431
resource_auction_v1,allocation,tight_uniform,7,0.2,0.0,0.7948900238240438,1.0,0.3333333333333333,0.7692611508178506,0.7692611508178506,0.15385223016357014,0.8,True,0.6,6.0,30,2,0.8641116785786885
resource_auction_v1,allocation,moderate_uniform,7,0.2,0.0,0.9268326122159612,1.0,0.3333333333333333,0.9891654648043796,0.9891654648043796,0.19783309296087592,0.5,True,0.4,4.0,50,1,0.9300829727746472
resource_auction_v1,allocation,light_uniform,7,0.2,0.0,0.985021975709661,1.0,1.0,0.9750366261827682,0.9750366261827682,0.19500732523655365,0.15,False,,1.0,85,0,0.9925109878548304
resource_auction_v1,allocation,tight_uniform,8,0.2,0.0,0.9160436152058506,1.0,0.3333333333333333,0.9711838031208619,0.9711838031208619,0.1942367606241724,0.8,True,0.6,6.0,30,2,0.9246884742695919
resource_auction_v1,allocation,moderate_uniform,8,0.2,0.0,0.9275840661002571,1.0,0.3333333333333333,0.9904178879448728,0.9904178879448728,0.19808357758897457,0.5,True,0.4,4.0,50,1,0.9304586997167951
resource_auction_v1,allocation,light_uniform,8,0.2,0.0,1.0,1.0,1.0,1.0,1.0,0.2,0.15,False,,1.0,85,0,0.9999999999999999
resource_auction_v1,allocation,tight_uniform,9,0.2,0.0,0.9250211029932981,1.0,0.3333333333333333,0.9861462827666078,0.9861462827666078,0.19722925655332157,0.8,True,0.6,6.0,30,2,0.9291772181633157
resource_auction_v1,allocation,moderate_uniform,9,0.2,0.0,0.8689889150197432,1.0,0.3333333333333333,0.8927593028106829,0.8927593028106829,0.1785518605621366,0.5,True,0.4,4.0,50,1,0.9011611241765382
resource_auction_v1,allocation,light_uniform,9,0.2,0.0,1.0,1.0,1.0,1.0,1.0,0.2,0.15,False,,1.0,85,0,0.9999999999999999
resource_auction_v1,allocation,tight_screen_0.1,0,0.2,0.1,0.7901394620825666,1.0,0.3333333333333333,0.7613435479153886,0.7613435479153886,0.15226870958307773,0.8,True,0.6,6.0,30,2,0.8617363977079499
resource_auction_v1,allocation,moderate_screen_0.1,0,0.2,0.1,0.8828108488999105,1.0,0.3333333333333333,0.9157958592776283,0.9157958592776283,0.18315917185552566,0.5,True,0.4,4.0,50,1,0.9080720911166218
resource_auction_v1,allocation,light_screen_0.1,0,0.2,0.1,0.9558452761326044,1.0,1.0,0.9264087935543405,0.9264087935543405,0.1852817587108681,0.15,False,,1.0,85,0,0.9779226380663021
resource_auction_v1,allocation,tight_screen_0.1,1,0.2,0.1,0.8690029116299719,1.0,0.3333333333333333,0.8927826304943974,0.8927826304943974,0.1785565260988795,0.8,True,0.6,6.0,30,2,0.9011681224816525
resource_auction_v1,allocation,moderate_screen_0.1,1,0.2,0.1,0.8408728779026364,1.0,0.3333333333333333,0.8458992409488383,0.8458992409488383,0.16917984818976767,0.5,True,0.4,4.0,50,1,0.8871031056179848
resource_auction_v1,allocation,light_screen_0.1,1,0.2,0.1,1.0,1.0,1.0,1.0,1.0,0.2,0.15,False,,1.0,85,0,0.9999999999999999
resource_auction_v1,allocation,tight_screen_0.1,2,0.2,0.1,0.8154600601434491,1.0,0.3333333333333333,0.8035445446835261,0.8035445446835261,0.16070890893670522,0.8,True,0.6,6.0,30,2,0.8743966967383912
resource_auction_v1,allocation,moderate_screen_0.1,2,0.2,0.1,0.9266822374529607,1.0,0.3333333333333333,0.9889148401993788,0.9889148401993788,0.19778296803987577,0.5,True,0.4,4.0,50,1,0.9300077853931469
resource_auction_v1,allocation,light_screen_0.1,2,0.2,0.1,0.9712204880780358,1.0,1.0,0.9520341467967263,0.9520341467967263,0.19040682935934528,0.15,False,,1.0,85,0,0.9856102440390179
resource_auction_v1,allocation,tight_screen_0.1,3,0.2,0.1,0.864221129919235,1.0,0.3333333333333333,0.8848129943098361,0.8848129943098361,0.17696259886196722,0.8,True,0.6,6.0,30,2,0.8987772316262841
resource_auction_v1,allocation,moderate_screen_0.1,3,0.2,0.1,0.8244729848201255,1.0,0.3333333333333333,0.8185660858113202,0.8185660858113202,0.16371321716226406,0.5,True,0.4,4.0,50,1,0.8789031590767293
resource_auction_v1,allocation,light_screen_0.1,3,0.2,0.1,0.9843911785474291,1.0,1.0,0.9739852975790483,0.9739852975790483,0.19479705951580967,0.15,False,,1.0,85,0,0.9921955892737144
resource_auction_v1,allocation,tight_screen_0.1,4,0.2,0.1,0.8430419876091867,1.0,0.3333333333333333,0.8495144237930888,0.8495144237930888,0.16990288475861778,0.8,True,0.6,6.0,30,2,0.88818766047126
resource_auction_v1,allocation,moderate_screen_0.1,4,0.2,0.1,0.8725352163505649,1.0,0.3333333333333333,0.8986698050287191,0.8986698050287191,0.17973396100574382,0.5,True,0.4,4.0,50,1,0.902934274841949
resource_auction_v1,allocation,light_screen_0.1,4,0.2,0.1,0.9829531719425871,1.0,1.0,0.9715886199043117,0.9715886199043117,0.19431772398086233,0.15,False,,1.0,85,0,0.9914765859712934
resource_auction_v1,allocation,tight_screen_0.1,5,0.2,0.1,0.9165274669079854,1.0,0.3333333333333333,0.9719902226244199,0.9719902226244199,0.194398044524884,0.8,True,0.6,6.0,30,2,0.9249304001206592
resource_auction_v1,allocation,moderate_screen_0.1,5,0.2,0.1,0.8408208112989617,1.0,0.3333333333333333,0.8458124632760471,0.8458124632760471,0.16916249265520944,0.5,True,0.4,4.0,50,1,0.8870770723161474
resource_auction_v1,allocation,light_screen_0.1,5,0.2,0.1,0.9842290574243626,1.0,1.0,0.9737150957072708,0.9737150957072708,0.19474301914145417,0.15,False,,1.0,85,0,0.9921145287121812
resource_auction_v1,allocation,tight_screen_0.1,6,0.2,0.1,0.8785022828150822,1.0,0.3333333333333333,0.9086149158029146,0.9086149158029146,0.18172298316058294,0.8,True,0.6,6.0,30,2,0.9059178080742077
resource_auction_v1,allocation,moderate_screen_0.1,6,0.2,0.1,0.8907219006876793,1.0,0.3333333333333333,0.9289809455905764,0.9289809455905764,0.1857961891181153,0.5,True,0.4,4.0,50,1,0.9120276170105063
resource_auction_v1,allocation,light_screen_0.1,6,0.2,0.1,0.983536036390816,1.0,1.0,0.9725600606513598,0.9725600606513598,0.19451201213027197,0.15,False,,1.0,85,0,0.9917680181954079
resource_auction_v1,allocation,tight_screen_0.1,7,0.2,0.1,0.8735282436225708,1.0,0.3333333333333333,0.9003248504820622,0.9003248504820622,0.18006497009641245,0.8,True,0.6,6.0,30,2,0.9034307884779519
resource_auction_v1,allocation,moderate_screen_0.1,7,0.2,0.1,0.8677515676598901,1.0,0.3333333333333333,0.8906970572109277,0.8906970572109277,0.17813941144218556,0.5,True,0.4,4.0,50,1,0.9005424504966116
resource_auction_v1,allocation,light_screen_0.1,7,0.2,0.1,0.9782315602981217,1.0,1.0,0.9637192671635361,0.9637192671635361,0.19274385343270722,0.15,False,,1.0,85,0,0.9891157801490608
resource_auction_v1,allocation,tight_screen_0.1,8,0.2,0.1,0.7785426428334964,1.0,0.3333333333333333,0.742015515833605,0.742015515833605,0.148403103166721,0.8,True,0.6,6.0,30,2,0.8559379880834148
resource_auction_v1,allocation,moderate_screen_0.1,8,0.2,0.1,0.8382784303657486,1.0,0.3333333333333333,0.8415751617206918,0.8415751617206918,0.16831503234413836,0.5,True,0.4,4.0,50,1,0.8858058818495408
resource_auction_v1,allocation,light_screen_0.1,8,0.2,0.1,0.9590672914164187,1.0,1.0,0.9317788190273643,0.9317788190273643,0.18635576380547286,0.15,False,,1.0,85,0,0.9795336457082092
resource_auction_v1,allocation,tight_screen_0.1,9,0.2,0.1,0.8584525814374127,1.0,0.3333333333333333,0.875198746840132,0.875198746840132,0.1750397493680264,0.8,True,0.6,6.0,30,2,0.8958929573853729
resource_auction_v1,allocation,moderate_screen_0.1,9,0.2,0.1,0.8807093431408233,1.0,0.3333333333333333,0.9122933496791497,0.9122933496791497,0.18245866993582993,0.5,True,0.4,4.0,50,1,0.9070213382370782
resource_auction_v1,allocation,light_screen_0.1,9,0.2,0.1,0.9869416595522739,1.0,1.0,0.9782360992537895,0.9782360992537895,0.19564721985075792,0.15,False,,1.0,85,0,0.9934708297761369
resource_auction_v1,allocation,tight_screen_0.2,0,0.2,0.2,0.8210926597722289,1.0,0.3333333333333333,0.8129322107314924,0.8129322107314924,0.16258644214629847,0.8,True,0.6,6.0,30,2,0.877212996552781
resource_auction_v1,allocation,moderate_screen_0.2,0,0.2,0.2,0.8774458551474283,1.0,0.3333333333333333,0.9068542030234915,0.9068542030234915,0.18137084060469832,0.5,True,0.4,4.0,50,1,0.9053895942403808
resource_auction_v1,allocation,light_screen_0.2,0,0.2,0.2,0.9802712216748566,1.0,1.0,0.9671187027914275,0.9671187027914275,0.1934237405582855,0.15,False,,1.0,85,0,0.9901356108374282
resource_auction_v1,allocation,tight_screen_0.2,1,0.2,0.2,0.8442189777610632,1.0,0.3333333333333333,0.8514760740462163,0.8514760740462163,0.17029521480924326,0.8,True,0.6,6.0,30,2,0.8887761555471981
resource_auction_v1,allocation,moderate_screen_0.2,1,0.2,0.2,0.9270049647384002,1.0,0.5,0.9616749412306668,0.9616749412306668,0.19233498824613338,0.5,True,0.4,4.0,50,1,0.9385024823692001
resource_auction_v1,allocation,light_screen_0.2,1,0.2,0.2,0.9796762017963793,1.0,1.0,0.9661270029939653,0.9661270029939653,0.19322540059879306,0.15,False,,1.0,85,0,0.9898381008981895
resource_auction_v1,allocation,tight_screen_0.2,2,0.2,0.2,0.8864400442316456,1.0,0.3333333333333333,0.9218445181638536,0.9218445181638536,0.18436890363277073,0.8,True,0.6,6.0,30,2,0.9098866887824894
resource_auction_v1,allocation,moderate_screen_0.2,2,0.2,0.2,0.8834665026283839,1.0,0.3333333333333333,0.9168886154917507,0.9168886154917507,0.18337772309835015,0.5,True,0.4,4.0,50,1,0.9083999179808585
resource_auction_v1,allocation,light_screen_0.2,2,0.2,0.2,0.9889256005782046,1.0,1.0,0.9815426676303408,0.9815426676303408,0.19630853352606817,0.15,False,,1.0,85,0,0.9944628002891022
resource_auction_v1,allocation,tight_screen_0.2,3,0.2,0.2,0.8926300532000299,1.0,0.3333333333333333,0.9321611997778273,0.9321611997778273,0.18643223995556546,0.8,True,0.6,6.0,30,2,0.9129816932666815
resource_auction_v1,allocation,moderate_screen_0.2,3,0.2,0.2,0.9111809967718433,1.0,0.5,0.9353016612864052,0.9353016612864052,0.18706033225728105,0.5,True,0.4,4.0,50,1,0.9305904983859216
resource_auction_v1,allocation,light_screen_0.2,3,0.2,0.2,0.9874866402730458,1.0,1.0,0.9791444004550761,0.9791444004550761,0.19582888009101523,0.15,False,,1.0,85,0,0.9937433201365228
resource_auction_v1,allocation,tight_screen_0.2,4,0.2,0.2,0.8048622738793879,1.0,0.3333333333333333,0.7858815675767575,0.7858815675767575,0.15717631351535152,0.8,True,0.6,6.0,30,2,0.8690978036063606
resource_auction_v1,allocation,moderate_screen_0.2,4,0.2,0.2,0.8826967648185106,1.0,0.3333333333333333,0.9156057191419618,0.9156057191419618,0.18312114382839237,0.5,True,0.4,4.0,50,1,0.9080150490759219
resource_auction_v1,allocation,light_screen_0.2,4,0.2,0.2,0.9961843575438861,1.0,1.0,0.9936405959064767,0.9936405959064767,0.19872811918129535,0.15,False,,1.0,85,0,0.9980921787719429
resource_auction_v1,allocation,tight_screen_0.2,5,0.2,0.2,0.9179457610608036,1.0,0.3333333333333333,0.9743540462124503,0.9743540462124503,0.19487080924249006,0.8,True,0.6,6.0,30,2,0.9256395471970683
resource_auction_v1,allocation,moderate_screen_0.2,5,0.2,0.2,0.870035218746292,1.0,0.3333333333333333,0.8945031423549308,0.8945031423549308,0.17890062847098617,0.5,True,0.4,4.0,50,1,0.9016842760398126
resource_auction_v1,allocation,light_screen_0.2,5,0.2,0.2,0.9618132106772801,1.0,1.0,0.9363553511288,0.9363553511288,0.18727107022576,0.15,False,,1.0,85,0,0.9809066053386399
resource_auction_v1,allocation,tight_screen_0.2,6,0.2,0.2,0.873764536624186,1.0,0.3333333333333333,0.9007186721514209,0.9007186721514209,0.1801437344302842,0.8,True,0.6,6.0,30,2,0.9035489349787595
resource_auction_v1,allocation,moderate_screen_0.2,6,0.2,0.2,0.8200457275496161,1.0,0.3333333333333333,0.8111873236938045,0.8111873236938045,0.1622374647387609,0.5,True,0.4,4.0,50,1,0.8766895304414747
resource_auction_v1,allocation,light_screen_0.2,6,0.2,0.2,0.9721429963877659,1.0,1.0,0.9535716606462764,0.9535716606462764,0.1907143321292553,0.15,False,,1.0,85,0,0.9860714981938828
resource_auction_v1,allocation,tight_screen_0.2,7,0.2,0.2,0.9183553090429943,1.0,0.3333333333333333,0.9750366261827682,0.9750366261827682,0.19500732523655365,0.8,True,0.6,6.0,30,2,0.9258443211881637
resource_auction_v1,allocation,moderate_screen_0.2,7,0.2,0.2,0.9285499244819043,1.0,0.5,0.9642498741365069,0.9642498741365069,0.19284997482730137,0.5,True,0.4,4.0,50,1,0.9392749622409521
resource_auction_v1,allocation,light_screen_0.2,7,0.2,0.2,0.9526769509406923,1.0,1.0,0.9211282515678203,0.9211282515678203,0.18422565031356408,0.15,False,,1.0,85,0,0.976338475470346
resource_auction_v1,allocation,tight_screen_0.2,8,0.2,0.2,0.8229982135835677,1.0,0.3333333333333333,0.8161081337503905,0.8161081337503905,0.16322162675007812,0.8,True,0.6,6.0,30,2,0.8781657734584504
resource_auction_v1,allocation,moderate_screen_0.2,8,0.2,0.2,0.8513566950050876,1.0,0.3333333333333333,0.8633722694529236,0.8633722694529236,0.17267445389058472,0.5,True,0.4,4.0,50,1,0.8923450141692103
resource_auction_v1,allocation,light_screen_0.2,8,0.2,0.2,0.9870455888616767,1.0,1.0,0.9784093147694609,0.9784093147694609,0.1956818629538922,0.15,False,,1.0,85,0,0.9935227944308382
resource_auction_v1,allocation,tight_screen_0.2,9,0.2,0.2,0.9074407739391286,1.0,0.3333333333333333,0.9568457343429918,0.9568457343429918,0.19136914686859838,0.8,True,0.6,6.0,30,2,0.9203870536362309
resource_auction_v1,allocation,moderate_screen_0.2,9,0.2,0.2,0.8863765073439245,1.0,0.3333333333333333,0.921738623350985,0.921738623350985,0.184347724670197,0.5,True,0.4,4.0,50,1,0.9098549203386288
resource_auction_v1,allocation,light_screen_0.2,9,0.2,0.2,0.9636969800549536,1.0,1.0,0.9394949667582558,0.9394949667582558,0.18789899335165117,0.15,False,,1.0,85,0,0.9818484900274768
resource_auction_v1,allocation,tight_screen_0.3,0,0.2,0.3,0.8261065895696541,1.0,0.3333333333333333,0.8212887603938678,0.8212887603938678,0.16425775207877358,0.8,True,0.6,6.0,30,2,0.8797199614514936
resource_auction_v1,allocation,moderate_screen_0.3,0,0.2,0.3,0.8332442752719275,1.0,0.3333333333333333,0.83318490323099,0.83318490323099,0.16663698064619803,0.5,True,0.4,4.0,50,1,0.8832888043026302
resource_auction_v1,allocation,light_screen_0.3,0,0.2,0.3,1.0,1.0,1.0,1.0,1.0,0.2,0.15,False,,1.0,85,0,0.9999999999999999
resource_auction_v1,allocation,tight_screen_0.3,1,0.2,0.3,0.8755434302297453,1.0,0.3333333333333333,0.9036834948273531,0.9036834948273531,0.18073669896547062,0.8,True,0.6,6.0,30,2,0.9044383817815392
resource_auction_v1,allocation,moderate_screen_0.3,1,0.2,0.3,0.9128761074645831,1.0,0.5,0.9381268457743049,0.9381268457743049,0.187625369154861,0.5,True,0.4,4.0,50,1,0.9314380537322915
resource_auction_v1,allocation,light_screen_0.3,1,0.2,0.3,0.9947033083664836,1.0,1.0,0.9911721806108058,0.9911721806108058,0.19823443612216118,0.15,False,,1.0,85,0,0.9973516541832417
resource_auction_v1,allocation,tight_screen_0.3,2,0.2,0.3,0.9218539590544924,1.0,0.3333333333333333,0.9808677095352649,0.9808677095352649,0.196173541907053,0.8,True,0.6,6.0,30,2,0.9275936461939128
resource_auction_v1,allocation,moderate_screen_0.3,2,0.2,0.3,0.9147093394900639,1.0,0.3333333333333333,0.9689600102612175,0.9689600102612175,0.1937920020522435,0.5,True,0.4,4.0,50,1,0.9240213364116986
resource_auction_v1,allocation,light_screen_0.3,2,0.2,0.3,0.987143698636745,1.0,1.0,0.9785728310612415,0.9785728310612415,0.1957145662122483,0.15,False,,1.0,85,0,0.9935718493183724
resource_auction_v1,allocation,tight_screen_0.3,3,0.2,0.3,0.8941667033812448,1.0,0.3333333333333333,0.9347222834131856,0.9347222834131856,0.18694445668263715,0.8,True,0.6,6.0,30,2,0.913750018357289
resource_auction_v1,allocation,moderate_screen_0.3,3,0.2,0.3,0.8830707083706397,1.0,0.5,0.8884511806177326,0.8884511806177326,0.17769023612354654,0.5,True,0.4,4.0,50,1,0.9165353541853198
resource_auction_v1,allocation,light_screen_0.3,3,0.2,0.3,0.9630773680551175,1.0,1.0,0.9384622800918622,0.9384622800918622,0.18769245601837245,0.15,False,,1.0,85,0,0.9815386840275586
resource_auction_v1,allocation,tight_screen_0.3,4,0.2,0.3,0.8677694467170906,1.0,0.3333333333333333,0.8907268556395952,0.8907268556395952,0.17814537112791906,0.8,True,0.6,6.0,30,2,0.9005513900252119
resource_auction_v1,allocation,moderate_screen_0.3,4,0.2,0.3,0.878448876405281,1.0,0.3333333333333333,0.9085259051199126,0.9085259051199126,0.18170518102398253,0.5,True,0.4,4.0,50,1,0.9058911048693071
resource_auction_v1,allocation,light_screen_0.3,4,0.2,0.3,0.964684576960454,1.0,1.0,0.9411409616007564,0.9411409616007564,0.1882281923201513,0.15,False,,1.0,85,0,0.9823422884802269
resource_auction_v1,allocation,tight_screen_0.3,5,0.2,0.3,0.9112859804856067,1.0,0.3333333333333333,0.9632544119204554,0.9632544119204554,0.1926508823840911,0.8,True,0.6,6.0,30,2,0.9223096569094699
resource_auction_v1,allocation,moderate_screen_0.3,5,0.2,0.3,0.8902456151418289,1.0,0.3333333333333333,0.9281871363474924,0.9281871363474924,0.1856374272694985,0.5,True,0.4,4.0,50,1,0.911789474237581
resource_auction_v1,allocation,light_screen_0.3,5,0.2,0.3,0.9965878545587981,1.0,1.0,0.9943130909313299,0.9943130909313299,0.198862618186266,0.15,False,,1.0,85,0,0.9982939272793989
resource_auction_v1,allocation,tight_screen_0.3,6,0.2,0.3,0.8767561854150999,1.0,0.3333333333333333,0.9057047534696108,0.9057047534696108,0.18114095069392216,0.8,True,0.6,6.0,30,2,0.9050447593742165
resource_auction_v1,allocation,moderate_screen_0.3,6,0.2,0.3,0.8521518298331046,1.0,0.3333333333333333,0.8646974941662853,0.8646974941662853,0.17293949883325707,0.5,True,0.4,4.0,50,1,0.892742581583219
resource_auction_v1,allocation,light_screen_0.3,6,0.2,0.3,1.0,1.0,1.0,1.0,1.0,0.2,0.15,False,,1.0,85,0,0.9999999999999999
resource_auction_v1,allocation,tight_screen_0.3,7,0.2,0.3,0.85775255058929,1.0,0.3333333333333333,0.8740320287599276,0.8740320287599276,0.17480640575198553,0.8,True,0.6,6.0,30,2,0.8955429419613116
resource_auction_v1,allocation,moderate_screen_0.3,7,0.2,0.3,0.9030201507790454,1.0,0.5,0.9217002512984087,0.9217002512984087,0.18434005025968175,0.5,True,0.4,4.0,50,1,0.9265100753895226
resource_auction_v1,allocation,light_screen_0.3,7,0.2,0.3,1.0,1.0,1.0,1.0,1.0,0.2,0.15,False,,1.0,85,0,0.9999999999999999
resource_auction_v1,allocation,tight_screen_0.3,8,0.2,0.3,0.8453202248715026,1.0,0.3333333333333333,0.8533114858969486,0.8533114858969486,0.17066229717938974,0.8,True,0.6,6.0,30,2,0.8893267791024179
resource_auction_v1,allocation,moderate_screen_0.3,8,0.2,0.3,0.9333333333333335,1.0,0.3333333333333333,1.0,1.0,0.2,0.5,True,0.4,4.0,50,1,0.9333333333333332
resource_auction_v1,allocation,light_screen_0.3,8,0.2,0.3,0.9927948560947529,1.0,1.0,0.9879914268245881,0.9879914268245881,0.19759828536491764,0.15,False,,1.0,85,0,0.9963974280473763
resource_auction_v1,allocation,tight_screen_0.3,9,0.2,0.3,0.8572495403242405,1.0,0.3333333333333333,0.8731936783181785,0.8731936783181785,0.17463873566363572,0.8,True,0.6,6.0,30,2,0.8952914368287869
resource_auction_v1,allocation,moderate_screen_0.3,9,0.2,0.3,0.8474396109787289,1.0,0.3333333333333333,0.8568437960756591,0.8568437960756591,0.17136875921513184,0.5,True,0.4,4.0,50,1,0.890386472156031
resource_auction_v1,allocation,light_screen_0.3,9,0.2,0.3,0.9898112998101779,1.0,1.0,0.9830188330169629,0.9830188330169629,0.1966037666033926,0.15,False,,1.0,85,0,0.9949056499050889
resource_auction_v1,allocation,tight_screen_0.4,0,0.2,0.4,0.9304995159045083,1.0,0.3333333333333333,0.995276970951958,0.995276970951958,0.19905539419039162,0.8,True,0.6,6.0,30,2,0.9319164246189208
resource_auction_v1,allocation,moderate_screen_0.4,0,0.2,0.4,0.9116922698237261,1.0,0.5,0.9361537830395431,0.9361537830395431,0.18723075660790864,0.5,True,0.4,4.0,50,1,0.930846134911863
resource_auction_v1,allocation,light_screen_0.4,0,0.2,0.4,0.9877852457428514,1.0,1.0,0.9796420762380855,0.9796420762380855,0.19592841524761712,0.15,False,,1.0,85,0,0.9938926228714257
resource_auction_v1,allocation,tight_screen_0.4,1,0.2,0.4,0.9322481356061615,1.0,0.3333333333333333,0.99819133712138,0.99819133712138,0.199638267424276,0.8,True,0.6,6.0,30,2,0.9327907344697474
resource_auction_v1,allocation,moderate_screen_0.4,1,0.2,0.4,0.8752491763070847,1.0,0.5,0.8754152938451408,0.8754152938451408,0.1750830587690282,0.5,True,0.4,4.0,50,1,0.9126245881535422
resource_auction_v1,allocation,light_screen_0.4,1,0.2,0.4,0.9796762017963793,1.0,1.0,0.9661270029939653,0.9661270029939653,0.19322540059879306,0.15,False,,1.0,85,0,0.9898381008981895
resource_auction_v1,allocation,tight_screen_0.4,2,0.2,0.4,0.9200720571130329,1.0,0.3333333333333333,0.9778978729661656,0.9778978729661656,0.19557957459323314,0.8,True,0.6,6.0,30,2,0.926702695223183
resource_auction_v1,allocation,moderate_screen_0.4,2,0.2,0.4,0.8885409876835227,1.0,0.3333333333333333,0.9253460905836488,0.9253460905836488,0.18506921811672977,0.5,True,0.4,4.0,50,1,0.9109371605084279
resource_auction_v1,allocation,light_screen_0.4,2,0.2,0.4,0.9896620210284583,1.0,1.0,0.9827700350474303,0.9827700350474303,0.19655400700948608,0.15,False,,1.0,85,0,0.9948310105142291
resource_auction_v1,allocation,tight_screen_0.4,3,0.2,0.4,0.8766000828276385,1.0,0.3333333333333333,0.9054445824905084,0.9054445824905084,0.1810889164981017,0.8,True,0.6,6.0,30,2,0.9049667080804858
resource_auction_v1,allocation,moderate_screen_0.4,3,0.2,0.4,0.860697228430951,1.0,0.5,0.851162047384918,0.851162047384918,0.1702324094769836,0.5,True,0.4,4.0,50,1,0.9053486142154754
resource_auction_v1,allocation,light_screen_0.4,3,0.2,0.4,0.9963114139767402,1.0,1.0,0.9938523566279001,0.9938523566279001,0.19877047132558,0.15,False,,1.0,85,0,0.99815570698837
resource_auction_v1,allocation,tight_screen_0.4,4,0.2,0.4,0.8789196307400602,1.0,0.3333333333333333,0.9093104956778778,0.9093104956778778,0.18186209913557558,0.8,True,0.6,6.0,30,2,0.9061264820366967
resource_auction_v1,allocation,moderate_screen_0.4,4,0.2,0.4,0.8933874250721606,1.0,0.5,0.9056457084536008,0.9056457084536008,0.18112914169072017,0.5,True,0.4,4.0,50,1,0.9216937125360802
resource_auction_v1,allocation,light_screen_0.4,4,0.2,0.4,0.9917082094435403,1.0,1.0,0.986180349072567,0.986180349072567,0.19723606981451342,0.15,False,,1.0,85,0,0.99585410472177
resource_auction_v1,allocation,tight_screen_0.4,5,0.2,0.4,0.8569057010936986,1.0,0.3333333333333333,0.8726206129339419,0.8726206129339419,0.1745241225867884,0.8,True,0.6,6.0,30,2,0.8951195172135159
resource_auction_v1,allocation,moderate_screen_0.4,5,0.2,0.4,0.9097930274477475,1.0,0.3333333333333333,0.9607661568573568,0.9607661568573568,0.19215323137147136,0.5,True,0.4,4.0,50,1,0.9215631803905403
resource_auction_v1,allocation,light_screen_0.4,5,0.2,0.4,0.9914113211537774,1.0,1.0,0.9856855352562954,0.9856855352562954,0.1971371070512591,0.15,False,,1.0,85,0,0.9957056605768886
resource_auction_v1,allocation,tight_screen_0.4,6,0.2,0.4,0.9333333333333335,1.0,0.3333333333333333,1.0,1.0,0.2,0.8,True,0.6,6.0,30,2,0.9333333333333332
resource_auction_v1,allocation,moderate_screen_0.4,6,0.2,0.4,0.8565746277067471,1.0,0.3333333333333333,0.8720688239556894,0.8720688239556894,0.1744137647911379,0.5,True,0.4,4.0,50,1,0.89495398052004
resource_auction_v1,allocation,light_screen_0.4,6,0.2,0.4,0.9892740130210864,1.0,1.0,0.9821233550351439,0.9821233550351439,0.1964246710070288,0.15,False,,1.0,85,0,0.9946370065105431
resource_auction_v1,allocation,tight_screen_0.4,7,0.2,0.4,0.8397545491190869,1.0,0.3333333333333333,0.8440353596429223,0.8440353596429223,0.16880707192858446,0.8,True,0.6,6.0,30,2,0.88654394122621
resource_auction_v1,allocation,moderate_screen_0.4,7,0.2,0.4,0.8509655831187537,1.0,0.5,0.8349426385312558,0.8349426385312558,0.16698852770625117,0.5,True,0.4,4.0,50,1,0.9004827915593767
resource_auction_v1,allocation,light_screen_0.4,7,0.2,0.4,0.9828306600661745,1.0,1.0,0.9713844334436239,0.9713844334436239,0.19427688668872478,0.15,False,,1.0,85,0,0.9914153300330871
resource_auction_v1,allocation,tight_screen_0.4,8,0.2,0.4,0.7548531412103332,1.0,0.3333333333333333,0.7025330131283329,0.7025330131283329,0.14050660262566658,0.8,True,0.6,6.0,30,2,0.8440932372718332
resource_auction_v1,allocation,moderate_screen_0.4,8,0.2,0.4,0.8828306924297833,1.0,0.3333333333333333,0.9158289318274163,0.9158289318274163,0.18316578636548328,0.5,True,0.4,4.0,50,1,0.9080820128815582
resource_auction_v1,allocation,light_screen_0.4,8,0.2,0.4,0.9927948560947529,1.0,1.0,0.9879914268245881,0.9879914268245881,0.19759828536491764,0.15,False,,1.0,85,0,0.9963974280473763
resource_auction_v1,allocation,tight_screen_0.4,9,0.2,0.4,0.9065988280621554,1.0,0.3333333333333333,0.9554424912147033,0.9554424912147033,0.19108849824294066,0.8,True,0.6,6.0,30,2,0.9199660806977442
resource_auction_v1,allocation,moderate_screen_0.4,9,0.2,0.4,0.8377023046920402,1.0,0.5,0.8128371744867333,0.8128371744867333,0.16256743489734668,0.5,True,0.4,4.0,50,1,0.89385115234602
resource_auction_v1,allocation,light_screen_0.4,9,0.2,0.4,0.9845890781717272,1.0,1.0,0.9743151302862119,0.9743151302862119,0.19486302605724237,0.15,False,,1.0,85,0,0.9922945390858635
resource_auction_v1,allocation,tight_screen_0.5,0,0.2,0.5,0.8471609920637918,1.0,0.3333333333333333,0.8563794312174305,0.8563794312174305,0.1712758862434861,0.8,True,0.6,6.0,30,2,0.8902471626985625
resource_auction_v1,allocation,moderate_screen_0.5,0,0.2,0.5,0.843191841083901,1.0,0.5,0.8219864018065015,0.8219864018065015,0.1643972803613003,0.5,True,0.4,4.0,50,1,0.8965959205419505
resource_auction_v1,allocation,light_screen_0.5,0,0.2,0.5,0.9731319224666132,1.0,1.0,0.9552198707776884,0.9552198707776884,0.1910439741555377,0.15,False,,1.0,85,0,0.9865659612333065
resource_auction_v1,allocation,tight_screen_0.5,1,0.2,0.5,0.8680164399596795,1.0,0.3333333333333333,0.8911385110439101,0.8911385110439101,0.17822770220878204,0.8,True,0.6,6.0,30,2,0.9006748866465063
resource_auction_v1,allocation,moderate_screen_0.5,1,0.2,0.5,0.8575738343348025,1.0,0.5,0.845956390558004,0.845956390558004,0.1691912781116008,0.5,True,0.4,4.0,50,1,0.9037869171674012
resource_auction_v1,allocation,light_screen_0.5,1,0.2,0.5,0.9829482780483253,1.0,1.0,0.9715804634138754,0.9715804634138754,0.19431609268277508,0.15,False,,1.0,85,0,0.9914741390241625
resource_auction_v1,allocation,tight_screen_0.5,2,0.2,0.5,0.9203539527618285,1.0,0.3333333333333333,0.9783676990474918,0.9783676990474918,0.19567353980949836,0.8,True,0.6,6.0,30,2,0.9268436430475808
resource_auction_v1,allocation,moderate_screen_0.5,2,0.2,0.5,0.8731545978770794,1.0,0.3333333333333333,0.8997021075729099,0.8997021075729099,0.179940421514582,0.5,True,0.4,4.0,50,1,0.9032439656052063
resource_auction_v1,allocation,light_screen_0.5,2,0.2,0.5,0.981010798139127,1.0,1.0,0.9683513302318781,0.9683513302318781,0.19367026604637563,0.15,False,,1.0,85,0,0.9905053990695634
resource_auction_v1,allocation,tight_screen_0.5,3,0.2,0.5,0.9041697139284683,1.0,0.3333333333333333,0.9513939676585582,0.9513939676585582,0.19027879353171165,0.8,True,0.6,6.0,30,2,0.9187515236309007
resource_auction_v1,allocation,moderate_screen_0.5,3,0.2,0.5,0.8948971112003478,1.0,0.5,0.9081618520005793,0.9081618520005793,0.18163237040011587,0.5,True,0.4,4.0,50,1,0.9224485556001738
resource_auction_v1,allocation,light_screen_0.5,3,0.2,0.5,0.9892368453781613,1.0,1.0,0.9820614089636018,0.9820614089636018,0.19641228179272038,0.15,False,,1.0,85,0,0.9946184226890805
resource_auction_v1,allocation,tight_screen_0.5,4,0.2,0.5,0.871245824591825,1.0,0.3333333333333333,0.8965208187641526,0.8965208187641526,0.17930416375283054,0.8,True,0.6,6.0,30,2,0.902289578962579
resource_auction_v1,allocation,moderate_screen_0.5,4,0.2,0.5,0.8702935692658903,1.0,0.5,0.8671559487764835,0.8671559487764835,0.1734311897552967,0.5,True,0.4,4.0,50,1,0.9101467846329451
resource_auction_v1,allocation,light_screen_0.5,4,0.2,0.5,0.9920524251364876,1.0,1.0,0.9867540418941458,0.9867540418941458,0.19735080837882918,0.15,False,,1.0,85,0,0.9960262125682436
resource_auction_v1,allocation,tight_screen_0.5,5,0.2,0.5,0.9299211878921314,1.0,0.3333333333333333,0.9943130909313299,0.9943130909313299,0.198862618186266,0.8,True,0.6,6.0,30,2,0.9316272606127323
resource_auction_v1,allocation,moderate_screen_0.5,5,0.2,0.5,0.9077594739116556,1.0,0.3333333333333333,0.9573769009638702,0.9573769009638702,0.19147538019277405,0.5,True,0.4,4.0,50,1,0.9205464036224943
resource_auction_v1,allocation,light_screen_0.5,5,0.2,0.5,1.0,1.0,1.0,1.0,1.0,0.2,0.15,False,,1.0,85,0,0.9999999999999999
resource_auction_v1,allocation,tight_screen_0.5,6,0.2,0.5,0.8822857921519693,1.0,0.3333333333333333,0.9149207646977265,0.9149207646977265,0.1829841529395453,0.8,True,0.6,6.0,30,2,0.9078095627426512
resource_auction_v1,allocation,moderate_screen_0.5,6,0.2,0.5,0.8533890081150366,1.0,0.3333333333333333,0.8667594579695053,0.8667594579695053,0.17335189159390108,0.5,True,0.4,4.0,50,1,0.8933611707241849
resource_auction_v1,allocation,light_screen_0.5,6,0.2,0.5,0.9538933766293684,1.0,1.0,0.9231556277156137,0.9231556277156137,0.18463112554312275,0.15,False,,1.0,85,0,0.9769466883146841
resource_auction_v1,allocation,tight_screen_0.5,7,0.2,0.5,0.8395481013684503,1.0,0.3333333333333333,0.8436912800585281,0.8436912800585281,0.16873825601170564,0.8,True,0.6,6.0,30,2,0.8864407173508918
resource_auction_v1,allocation,moderate_screen_0.5,7,0.2,0.5,0.8857125583841073,1.0,0.5,0.8928542639735119,0.8928542639735119,0.1785708527947024,0.5,True,0.4,4.0,50,1,0.9178562791920536
resource_auction_v1,allocation,light_screen_0.5,7,0.2,0.5,0.9700589251205526,1.0,1.0,0.9500982085342541,0.9500982085342541,0.19001964170685082,0.15,False,,1.0,85,0,0.9850294625602761
resource_auction_v1,allocation,tight_screen_0.5,8,0.2,0.5,0.8889152989823871,1.0,0.3333333333333333,0.9259699427484227,0.9259699427484227,0.18519398854968455,0.8,True,0.6,6.0,30,2,0.91112431615786
resource_auction_v1,allocation,moderate_screen_0.5,8,0.2,0.5,0.888837862102237,1.0,0.3333333333333333,0.9258408812815059,0.9258408812815059,0.1851681762563012,0.5,True,0.4,4.0,50,1,0.9110855977177851
resource_auction_v1,allocation,light_screen_0.5,8,0.2,0.5,0.9942507327669238,1.0,1.0,0.9904178879448728,0.9904178879448728,0.19808357758897457,0.15,False,,1.0,85,0,0.9971253663834617
resource_auction_v1,allocation,tight_screen_0.5,9,0.2,0.5,0.8679506341374508,1.0,0.3333333333333333,0.8910288346735289,0.8910288346735289,0.1782057669347058,0.8,True,0.6,6.0,30,2,0.900641983735392
resource_auction_v1,allocation,moderate_screen_0.5,9,0.2,0.5,0.8900126547594414,1.0,0.5,0.9000210912657354,0.9000210912657354,0.18000421825314708,0.5,True,0.4,4.0,50,1,0.9200063273797205
resource_auction_v1,allocation,light_screen_0.5,9,0.2,0.5,0.9911148202708183,1.0,1.0,0.9851913671180303,0.9851913671180303,0.19703827342360608,0.15,False,,1.0,85,0,0.9955574101354091
resource_auction_v1,allocation,tight_screen_0.6,0,0.2,0.6,0.8572323581939618,1.0,0.3333333333333333,0.8731650414343807,0.8731650414343807,0.17463300828687614,0.8,True,0.6,6.0,30,2,0.8952828457636475
resource_auction_v1,allocation,moderate_screen_0.6,0,0.2,0.6,0.9224317608076392,1.0,0.5,0.9540529346793984,0.9540529346793984,0.1908105869358797,0.5,True,0.4,4.0,50,1,0.9362158804038195
resource_auction_v1,allocation,light_screen_0.6,0,0.2,0.6,0.9818126976359627,1.0,1.0,0.9696878293932709,0.9696878293932709,0.19393756587865418,0.15,False,,1.0,85,0,0.9909063488179812
resource_auction_v1,allocation,tight_screen_0.6,1,0.2,0.6,0.8244343971856252,1.0,0.3333333333333333,0.8185017730871529,0.8185017730871529,0.1637003546174306,0.8,True,0.6,6.0,30,2,0.8788838652594791
resource_auction_v1,allocation,moderate_screen_0.6,1,0.2,0.6,0.8923275338186795,1.0,0.5,0.9038792230311321,0.9038792230311321,0.18077584460622642,0.5,True,0.4,4.0,50,1,0.9211637669093397
resource_auction_v1,allocation,light_screen_0.6,1,0.2,0.6,0.9957885060936557,1.0,1.0,0.9929808434894258,0.9929808434894258,0.19859616869788518,0.15,False,,1.0,85,0,0.9978942530468277
resource_auction_v1,allocation,tight_screen_0.6,2,0.2,0.6,0.9284800588530935,1.0,0.3333333333333333,0.9919112091996,0.9919112091996,0.19838224183992,0.8,True,0.6,6.0,30,2,0.9309066960932133
resource_auction_v1,allocation,moderate_screen_0.6,2,0.2,0.6,0.8964717095812734,1.0,0.3333333333333333,0.9385639604132333,0.9385639604132333,0.18771279208264668,0.5,True,0.4,4.0,50,1,0.9149025214573033
resource_auction_v1,allocation,light_screen_0.6,2,0.2,0.6,1.0,1.0,1.0,1.0,1.0,0.2,0.15,False,,1.0,85,0,0.9999999999999999
resource_auction_v1,allocation,tight_screen_0.6,3,0.2,0.6,0.8814190100677585,1.0,0.3333333333333333,0.9134761278907083,0.9134761278907083,0.18269522557814166,0.8,True,0.6,6.0,30,2,0.9073761717005459
resource_auction_v1,allocation,moderate_screen_0.6,3,0.2,0.6,0.8870558104099788,1.0,0.5,0.8950930173499645,0.8950930173499645,0.1790186034699929,0.5,True,0.4,4.0,50,1,0.9185279052049893
resource_auction_v1,allocation,light_screen_0.6,3,0.2,0.6,0.9874866402730458,1.0,1.0,0.9791444004550761,0.9791444004550761,0.19582888009101523,0.15,False,,1.0,85,0,0.9937433201365228
resource_auction_v1,allocation,tight_screen_0.6,4,0.2,0.6,0.9213151490193755,1.0,0.3333333333333333,0.9799696928100701,0.9799696928100701,0.19599393856201403,0.8,True,0.6,6.0,30,2,0.9273242411763544
resource_auction_v1,allocation,moderate_screen_0.6,4,0.2,0.6,0.9157669267551457,1.0,0.5,0.9429448779252425,0.9429448779252425,0.1885889755850485,0.5,True,0.4,4.0,50,1,0.9328834633775728
resource_auction_v1,allocation,light_screen_0.6,4,0.2,0.6,0.9966794739730253,1.0,1.0,0.9944657899550419,0.9944657899550419,0.19889315799100837,0.15,False,,1.0,85,0,0.9983397369865125
resource_auction_v1,allocation,tight_screen_0.6,5,0.2,0.6,0.9200303384775295,1.0,0.3333333333333333,0.9778283419069934,0.9778283419069934,0.1955656683813987,0.8,True,0.6,6.0,30,2,0.9266818359054313
resource_auction_v1,allocation,moderate_screen_0.6,5,0.2,0.6,0.9032085514953272,1.0,0.3333333333333333,0.9497920302699895,0.9497920302699895,0.1899584060539979,0.5,True,0.4,4.0,50,1,0.9182709424143302
resource_auction_v1,allocation,light_screen_0.6,5,0.2,0.6,0.9901091505853982,1.0,1.0,0.9835152509756635,0.9835152509756635,0.1967030501951327,0.15,False,,1.0,85,0,0.995054575292699
resource_auction_v1,allocation,tight_screen_0.6,6,0.2,0.6,0.8955057120549635,1.0,0.3333333333333333,0.9369539645360502,0.9369539645360502,0.18739079290721006,0.8,True,0.6,6.0,30,2,0.9144195226941484
resource_auction_v1,allocation,moderate_screen_0.6,6,0.2,0.6,0.9179683293143712,1.0,0.3333333333333333,0.9743916599683963,0.9743916599683963,0.19487833199367927,0.5,True,0.4,4.0,50,1,0.9256508313238522
resource_auction_v1,allocation,light_screen_0.6,6,0.2,0.6,1.0,1.0,1.0,1.0,1.0,0.2,0.15,False,,1.0,85,0,0.9999999999999999
resource_auction_v1,allocation,tight_screen_0.6,7,0.2,0.6,0.8996841951025771,1.0,0.3333333333333333,0.9439181029487395,0.9439181029487395,0.1887836205897479,0.8,True,0.6,6.0,30,2,0.9165087642179551
resource_auction_v1,allocation,moderate_screen_0.6,7,0.2,0.6,0.8928832603222971,1.0,0.5,0.904805433870495,0.904805433870495,0.180961086774099,0.5,True,0.4,4.0,50,1,0.9214416301611486
resource_auction_v1,allocation,light_screen_0.6,7,0.2,0.6,0.9816349730661388,1.0,1.0,0.9693916217768979,0.9693916217768979,0.19387832435537958,0.15,False,,1.0,85,0,0.9908174865330693
resource_auction_v1,allocation,tight_screen_0.6,8,0.2,0.6,0.8945871293353134,1.0,0.3333333333333333,0.9354229933366331,0.9354229933366331,0.18708459866732663,0.8,True,0.6,6.0,30,2,0.9139602313343232
resource_auction_v1,allocation,moderate_screen_0.6,8,0.2,0.6,0.8165986720612947,1.0,0.3333333333333333,0.8054422312132686,0.8054422312132686,0.16108844624265373,0.5,True,0.4,4.0,50,1,0.874966002697314
resource_auction_v1,allocation,light_screen_0.6,8,0.2,0.6,0.9942507327669238,1.0,1.0,0.9904178879448728,0.9904178879448728,0.19808357758897457,0.15,False,,1.0,85,0,0.9971253663834617
resource_auction_v1,allocation,tight_screen_0.6,9,0.2,0.6,0.894143745628205,1.0,0.3333333333333333,0.9346840204914525,0.9346840204914525,0.1869368040982905,0.8,True,0.6,6.0,30,2,0.913738539480769
resource_auction_v1,allocation,moderate_screen_0.6,9,0.2,0.6,0.8805304630915652,1.0,0.5,0.8842174384859418,0.8842174384859418,0.17684348769718838,0.5,True,0.4,4.0,50,1,0.9152652315457825
resource_auction_v1,allocation,light_screen_0.6,9,0.2,0.6,1.0,1.0,1.0,1.0,1.0,0.2,0.15,False,,1.0,85,0,0.9999999999999999
resource_auction_v1,allocation,tight_screen_0.7,0,0.2,0.7,0.9304995159045083,1.0,0.3333333333333333,0.995276970951958,0.995276970951958,0.19905539419039162,0.8,True,0.6,6.0,30,2,0.9319164246189208
resource_auction_v1,allocation,moderate_screen_0.7,0,0.2,0.7,0.8239351287572803,1.0,0.5,0.7898918812621335,0.7898918812621335,0.15797837625242672,0.5,True,0.4,4.0,50,1,0.8869675643786401
resource_auction_v1,allocation,light_screen_0.7,0,0.2,0.7,0.997166182571175,1.0,1.0,0.995276970951958,0.995276970951958,0.19905539419039162,0.15,False,,1.0,85,0,0.9985830912855874
resource_auction_v1,allocation,tight_screen_0.7,1,0.2,0.7,0.9172210290360571,1.0,0.3333333333333333,0.9731461595045394,0.9731461595045394,0.1946292319009079,0.8,True,0.6,6.0,30,2,0.925277181184695
resource_auction_v1,allocation,moderate_screen_0.7,1,0.2,0.7,0.8900104091481165,1.0,0.5,0.9000173485801938,0.9000173485801938,0.18000346971603876,0.5,True,0.4,4.0,50,1,0.9200052045740581
resource_auction_v1,allocation,light_screen_0.7,1,0.2,0.7,0.9989148022728281,1.0,1.0,0.99819133712138,0.99819133712138,0.199638267424276,0.15,False,,1.0,85,0,0.999457401136414
resource_auction_v1,allocation,tight_screen_0.7,2,0.2,0.7,0.9000203619623638,1.0,0.3333333333333333,0.9444783810483839,0.9444783810483839,0.1888956762096768,0.8,True,0.6,6.0,30,2,0.9166768476478485
resource_auction_v1,allocation,moderate_screen_0.7,2,0.2,0.7,0.9247772563032512,1.0,0.3333333333333333,0.9857398716165297,0.9857398716165297,0.19714797432330594,0.5,True,0.4,4.0,50,1,0.9290552948182922
resource_auction_v1,allocation,light_screen_0.7,2,0.2,0.7,1.0,1.0,1.0,1.0,1.0,0.2,0.15,False,,1.0,85,0,0.9999999999999999
resource_auction_v1,allocation,tight_screen_0.7,3,0.2,0.7,0.8651317398401259,1.0,0.3333333333333333,0.8863306775113208,0.8863306775113208,0.17726613550226417,0.8,True,0.6,6.0,30,2,0.8992325365867295
resource_auction_v1,allocation,moderate_screen_0.7,3,0.2,0.7,0.8988506124990052,1.0,0.5,0.914751020831675,0.914751020831675,0.182950204166335,0.5,True,0.4,4.0,50,1,0.9244253062495025
resource_auction_v1,allocation,light_screen_0.7,3,0.2,0.7,0.9921586992096312,1.0,1.0,0.9869311653493852,0.9869311653493852,0.19738623306987704,0.15,False,,1.0,85,0,0.9960793496048155
resource_auction_v1,allocation,tight_screen_0.7,4,0.2,0.7,0.9190873324475752,1.0,0.3333333333333333,0.976256665190403,0.976256665190403,0.19525133303808062,0.8,True,0.6,6.0,30,2,0.9262103328904542
resource_auction_v1,allocation,moderate_screen_0.7,4,0.2,0.7,0.9273427519618985,1.0,0.5,0.9622379199364972,0.9622379199364972,0.19244758398729944,0.5,True,0.4,4.0,50,1,0.9386713759809492
resource_auction_v1,allocation,light_screen_0.7,4,0.2,0.7,0.9961843575438861,1.0,1.0,0.9936405959064767,0.9936405959064767,0.19872811918129535,0.15,False,,1.0,85,0,0.9980921787719429
resource_auction_v1,allocation,tight_screen_0.7,5,0.2,0.7,0.9165274669079854,1.0,0.3333333333333333,0.9719902226244199,0.9719902226244199,0.194398044524884,0.8,True,0.6,6.0,30,2,0.9249304001206592
resource_auction_v1,allocation,moderate_screen_0.7,5,0.2,0.7,0.9300609464809773,1.0,0.3333333333333333,0.9945460219127397,0.9945460219127397,0.19890920438254794,0.5,True,0.4,4.0,50,1,0.9316971399071552
resource_auction_v1,allocation,light_screen_0.7,5,0.2,0.7,0.9965878545587981,1.0,1.0,0.9943130909313299,0.9943130909313299,0.198862618186266,0.15,False,,1.0,85,0,0.9982939272793989
resource_auction_v1,allocation,tight_screen_0.7,6,0.2,0.7,0.9022125980707392,1.0,0.3333333333333333,0.9481321078956763,0.9481321078956763,0.18962642157913526,0.8,True,0.6,6.0,30,2,0.9177729657020361
resource_auction_v1,allocation,moderate_screen_0.7,6,0.2,0.7,0.9102147713518403,1.0,0.3333333333333333,0.9614690633641779,0.9614690633641779,0.1922938126728356,0.5,True,0.4,4.0,50,1,0.9217740523425867
resource_auction_v1,allocation,light_screen_0.7,6,0.2,0.7,1.0,1.0,1.0,1.0,1.0,0.2,0.15,False,,1.0,85,0,0.9999999999999999
resource_auction_v1,allocation,tight_screen_0.7,7,0.2,0.7,0.9268326122159612,1.0,0.3333333333333333,0.9891654648043796,0.9891654648043796,0.19783309296087592,0.8,True,0.6,6.0,30,2,0.9300829727746472
resource_auction_v1,allocation,moderate_screen_0.7,7,0.2,0.7,0.921974242658257,1.0,0.5,0.9532904044304281,0.9532904044304281,0.19065808088608563,0.5,True,0.4,4.0,50,1,0.9359871213291284
resource_auction_v1,allocation,light_screen_0.7,7,0.2,0.7,0.9875466292381607,1.0,1.0,0.9792443820636011,0.9792443820636011,0.19584887641272022,0.15,False,,1.0,85,0,0.9937733146190803
resource_auction_v1,allocation,tight_screen_0.7,8,0.2,0.7,0.8759608878440635,1.0,0.3333333333333333,0.9043792575178833,0.9043792575178833,0.18087585150357666,0.8,True,0.6,6.0,30,2,0.9046471105886983
resource_auction_v1,allocation,moderate_screen_0.7,8,0.2,0.7,0.9011688492174089,1.0,0.3333333333333333,0.9463925264734591,0.9463925264734591,0.1892785052946918,0.5,True,0.4,4.0,50,1,0.917251091275371
resource_auction_v1,allocation,light_screen_0.7,8,0.2,0.7,0.9927948560947529,1.0,1.0,0.9879914268245881,0.9879914268245881,0.19759828536491764,0.15,False,,1.0,85,0,0.9963974280473763
resource_auction_v1,allocation,tight_screen_0.7,9,0.2,0.7,0.8927643864750544,1.0,0.3333333333333333,0.9323850885695348,0.9323850885695348,0.18647701771390698,0.8,True,0.6,6.0,30,2,0.9130488599041938
resource_auction_v1,allocation,moderate_screen_0.7,9,0.2,0.7,0.9318248719640733,1.0,0.5,0.9697081199401217,0.9697081199401217,0.19394162398802436,0.5,True,0.4,4.0,50,1,0.9409124359820366
resource_auction_v1,allocation,light_screen_0.7,9,0.2,0.7,0.9678217937994126,1.0,1.0,0.9463696563323541,0.9463696563323541,0.18927393126647085,0.15,False,,1.0,85,0,0.9839108968997062
resource_auction_v1,allocation,tight_screen_0.8,0,0.2,0.8,0.881615824242106,1.0,0.3333333333333333,0.913804151514621,0.913804151514621,0.18276083030292423,0.8,True,0.6,6.0,30,2,0.9074745787877195
resource_auction_v1,allocation,moderate_screen_0.8,0,0.2,0.8,0.8135872446635766,1.0,0.5,0.7726454077726275,0.7726454077726275,0.1545290815545255,0.5,True,0.4,4.0,50,1,0.8817936223317883
resource_auction_v1,allocation,light_screen_0.8,0,0.2,0.8,0.9842548296270976,1.0,1.0,0.9737580493784959,0.9737580493784959,0.19475160987569917,0.15,False,,1.0,85,0,0.9921274148135487
resource_auction_v1,allocation,tight_screen_0.8,1,0.2,0.8,0.8835563496294756,1.0,0.3333333333333333,0.9170383604935702,0.9170383604935702,0.18340767209871406,0.8,True,0.6,6.0,30,2,0.9084448414814044
resource_auction_v1,allocation,moderate_screen_0.8,1,0.2,0.8,0.9500000000000002,1.0,0.5,1.0,1.0,0.2,0.5,True,0.4,4.0,50,1,0.95
resource_auction_v1,allocation,light_screen_0.8,1,0.2,0.8,1.0,1.0,1.0,1.0,1.0,0.2,0.15,False,,1.0,85,0,0.9999999999999999
resource_auction_v1,allocation,tight_screen_0.8,2,0.2,0.8,0.856983720315746,1.0,0.3333333333333333,0.8727506449706876,0.8727506449706876,0.17455012899413752,0.8,True,0.6,6.0,30,2,0.8951585268245396
resource_auction_v1,allocation,moderate_screen_0.8,2,0.2,0.8,0.8925809234484724,1.0,0.3333333333333333,0.9320793168585649,0.9320793168585649,0.186415863371713,0.5,True,0.4,4.0,50,1,0.9129571283909027
resource_auction_v1,allocation,light_screen_0.8,2,0.2,0.8,1.0,1.0,1.0,1.0,1.0,0.2,0.15,False,,1.0,85,0,0.9999999999999999
resource_auction_v1,allocation,tight_screen_0.8,3,0.2,0.8,0.8409026646468493,1.0,0.3333333333333333,0.8459488855225265,0.8459488855225265,0.1691897771045053,0.8,True,0.6,6.0,30,2,0.8871179989900912
resource_auction_v1,allocation,moderate_screen_0.8,3,0.2,0.8,0.9114584296235513,1.0,0.5,0.9357640493725852,0.9357640493725852,0.18715280987451705,0.5,True,0.4,4.0,50,1,0.9307292148117756
resource_auction_v1,allocation,light_screen_0.8,3,0.2,0.8,1.0,1.0,1.0,1.0,1.0,0.2,0.15,False,,1.0,85,0,0.9999999999999999
resource_auction_v1,allocation,tight_screen_0.8,4,0.2,0.8,0.9047200791655221,1.0,0.3333333333333333,0.9523112430536478,0.9523112430536478,0.19046224861072958,0.8,True,0.6,6.0,30,2,0.9190267062494276
resource_auction_v1,allocation,moderate_screen_0.8,4,0.2,0.8,0.9391602243851829,1.0,0.5,0.9819337073086378,0.9819337073086378,0.19638674146172758,0.5,True,0.4,4.0,50,1,0.9445801121925914
resource_auction_v1,allocation,light_screen_0.8,4,0.2,0.8,0.998267299857339,1.0,1.0,0.9971121664288981,0.9971121664288981,0.19942243328577963,0.15,False,,1.0,85,0,0.9991336499286694
resource_auction_v1,allocation,tight_screen_0.8,5,0.2,0.8,0.9225457159376355,1.0,0.3333333333333333,0.9820206376738367,0.9820206376738367,0.19640412753476735,0.8,True,0.6,6.0,30,2,0.9279395246354843
resource_auction_v1,allocation,moderate_screen_0.8,5,0.2,0.8,0.9287333784565014,1.0,0.3333333333333333,0.9923334085386132,0.9923334085386132,0.19846668170772264,0.5,True,0.4,4.0,50,1,0.9310333558949172
resource_auction_v1,allocation,light_screen_0.8,5,0.2,0.8,0.9910692688636209,1.0,1.0,0.9851154481060346,0.9851154481060346,0.19702308962120693,0.15,False,,1.0,85,0,0.9955346344318103
resource_auction_v1,allocation,tight_screen_0.8,6,0.2,0.8,0.8975735810306907,1.0,0.3333333333333333,0.9404004128289287,0.9404004128289287,0.18808008256578576,0.8,True,0.6,6.0,30,2,0.915453457182012
resource_auction_v1,allocation,moderate_screen_0.8,6,0.2,0.8,0.8981860256131223,1.0,0.5,0.9136433760218702,0.9136433760218702,0.18272867520437405,0.5,True,0.4,4.0,50,1,0.9240930128065611
resource_auction_v1,allocation,light_screen_0.8,6,0.2,0.8,1.0,1.0,1.0,1.0,1.0,0.2,0.15,False,,1.0,85,0,0.9999999999999999
resource_auction_v1,allocation,tight_screen_0.8,7,0.2,0.8,0.9208799625714941,1.0,0.3333333333333333,0.9792443820636011,0.9792443820636011,0.19584887641272022,0.8,True,0.6,6.0,30,2,0.9271066479524136
resource_auction_v1,allocation,moderate_screen_0.8,7,0.2,0.8,0.864857502980554,1.0,0.5,0.858095838300923,0.858095838300923,0.1716191676601846,0.5,True,0.4,4.0,50,1,0.9074287514902769
resource_auction_v1,allocation,light_screen_0.8,7,0.2,0.8,0.9934992788826279,1.0,1.0,0.9891654648043796,0.9891654648043796,0.19783309296087592,0.15,False,,1.0,85,0,0.9967496394413139
resource_auction_v1,allocation,tight_screen_0.8,8,0.2,0.8,0.8817101550771399,1.0,0.3333333333333333,0.9139613695730107,0.9139613695730107,0.18279227391460215,0.8,True,0.6,6.0,30,2,0.9075217442052365
resource_auction_v1,allocation,moderate_screen_0.8,8,0.2,0.8,0.889530787833664,1.0,0.3333333333333333,0.926995757500551,0.926995757500551,0.18539915150011022,0.5,True,0.4,4.0,50,1,0.9114320605834986
resource_auction_v1,allocation,light_screen_0.8,8,0.2,0.8,0.9899154257777645,1.0,1.0,0.9831923762962739,0.9831923762962739,0.1966384752592548,0.15,False,,1.0,85,0,0.9949577128888821
resource_auction_v1,allocation,tight_screen_0.8,9,0.2,0.8,0.8745060353712347,1.0,0.3333333333333333,0.9019545033965021,0.9019545033965021,0.18039090067930041,0.8,True,0.6,6.0,30,2,0.903919684352284
resource_auction_v1,allocation,moderate_screen_0.8,9,0.2,0.8,0.9137787770362016,1.0,0.5,0.9396312950603356,0.9396312950603356,0.18792625901206714,0.5,True,0.4,4.0,50,1,0.9318893885181008
resource_auction_v1,allocation,light_screen_0.8,9,0.2,0.8,0.9908634256103349,1.0,1.0,0.9847723760172247,0.9847723760172247,0.19695447520344495,0.15,False,,1.0,85,0,0.9954317128051674
resource_auction_v1,allocation,tight_screen_0.9,0,0.2,0.9,0.8902020914363067,1.0,0.3333333333333333,0.9281145968382888,0.9281145968382888,0.18562291936765776,0.8,True,0.6,6.0,30,2,0.9117677123848199
resource_auction_v1,allocation,moderate_screen_0.9,0,0.2,0.9,0.9342548296270977,1.0,0.5,0.9737580493784959,0.9737580493784959,0.19475160987569917,0.5,True,0.4,4.0,50,1,0.9421274148135488
resource_auction_v1,allocation,light_screen_0.9,0,0.2,0.9,1.0,1.0,1.0,1.0,1.0,0.2,0.15,False,,1.0,85,0,0.9999999999999999
resource_auction_v1,allocation,tight_screen_0.9,1,0.2,0.9,0.8174940507782004,1.0,0.3333333333333333,0.8069345290747783,0.8069345290747783,0.16138690581495566,0.8,True,0.6,6.0,30,2,0.8754136920557668
resource_auction_v1,allocation,moderate_screen_0.9,1,0.2,0.9,0.9126080367170646,1.0,0.5,0.9376800611951074,0.9376800611951074,0.1875360122390215,0.5,True,0.4,4.0,50,1,0.9313040183585322
resource_auction_v1,allocation,light_screen_0.9,1,0.2,0.9,1.0,1.0,1.0,1.0,1.0,0.2,0.15,False,,1.0,85,0,0.9999999999999999
resource_auction_v1,allocation,tight_screen_0.9,2,0.2,0.9,0.922684291570583,1.0,0.3333333333333333,0.9822515970620825,0.9822515970620825,0.19645031941241653,0.8,True,0.6,6.0,30,2,0.928008812451958
resource_auction_v1,allocation,moderate_screen_0.9,2,0.2,0.9,0.9155006782815885,1.0,0.3333333333333333,0.9702789082470917,0.9702789082470917,0.19405578164941836,0.5,True,0.4,4.0,50,1,0.9244170058074609
resource_auction_v1,allocation,light_screen_0.9,2,0.2,0.9,0.9982180980585406,1.0,1.0,0.9970301634309007,0.9970301634309007,0.19940603268618015,0.15,False,,1.0,85,0,0.9991090490292701
resource_auction_v1,allocation,tight_screen_0.9,3,0.2,0.9,0.8948807042115918,1.0,0.3333333333333333,0.9359122847970973,0.9359122847970973,0.18718245695941949,0.8,True,0.6,6.0,30,2,0.9141070187724625
resource_auction_v1,allocation,moderate_screen_0.9,3,0.2,0.9,0.9314533690388151,1.0,0.5,0.969088948398025,0.969088948398025,0.193817789679605,0.5,True,0.4,4.0,50,1,0.9407266845194076
resource_auction_v1,allocation,light_screen_0.9,3,0.2,0.9,0.9963114139767402,1.0,1.0,0.9938523566279001,0.9938523566279001,0.19877047132558,0.15,False,,1.0,85,0,0.99815570698837
resource_auction_v1,allocation,tight_screen_0.9,4,0.2,0.9,0.9253529616820316,1.0,0.3333333333333333,0.9866993805811636,0.9866993805811636,0.19733987611623272,0.8,True,0.6,6.0,30,2,0.9293431475076824
resource_auction_v1,allocation,moderate_screen_0.9,4,0.2,0.9,0.8958542267250447,1.0,0.5,0.9097570445417408,0.9097570445417408,0.18195140890834816,0.5,True,0.4,4.0,50,1,0.9229271133625223
resource_auction_v1,allocation,light_screen_0.9,4,0.2,0.9,1.0,1.0,1.0,1.0,1.0,0.2,0.15,False,,1.0,85,0,0.9999999999999999
resource_auction_v1,allocation,tight_screen_0.9,5,0.2,0.9,0.9089737119114734,1.0,0.3333333333333333,0.9594006309635665,0.9594006309635665,0.19188012619271333,0.8,True,0.6,6.0,30,2,0.9211535226224032
resource_auction_v1,allocation,moderate_screen_0.9,5,0.2,0.9,0.8982561927229201,1.0,0.3333333333333333,0.9415380989826445,0.9415380989826445,0.1883076197965289,0.5,True,0.4,4.0,50,1,0.9157947630281266
resource_auction_v1,allocation,light_screen_0.9,5,0.2,0.9,0.9892123826043021,1.0,1.0,0.9820206376738367,0.9820206376738367,0.19640412753476735,0.15,False,,1.0,85,0,0.994606191302151
resource_auction_v1,allocation,tight_screen_0.9,6,0.2,0.9,0.8416523778345427,1.0,0.3333333333333333,0.8471984075020155,0.8471984075020155,0.16943968150040312,0.8,True,0.6,6.0,30,2,0.887492855583938
resource_auction_v1,allocation,moderate_screen_0.9,6,0.2,0.9,0.9165414140632598,1.0,0.5,0.9442356901054327,0.9442356901054327,0.18884713802108655,0.5,True,0.4,4.0,50,1,0.9332707070316298
resource_auction_v1,allocation,light_screen_0.9,6,0.2,0.9,1.0,1.0,1.0,1.0,1.0,0.2,0.15,False,,1.0,85,0,0.9999999999999999
resource_auction_v1,allocation,tight_screen_0.9,7,0.2,0.9,0.902210267642235,1.0,0.3333333333333333,0.9481282238481693,0.9481282238481693,0.18962564476963387,0.8,True,0.6,6.0,30,2,0.9177718004877841
resource_auction_v1,allocation,moderate_screen_0.9,7,0.2,0.9,0.8875319353883011,1.0,0.5,0.8958865589805015,0.8958865589805015,0.1791773117961003,0.5,True,0.4,4.0,50,1,0.9187659676941504
resource_auction_v1,allocation,light_screen_0.9,7,0.2,0.9,1.0,1.0,1.0,1.0,1.0,0.2,0.15,False,,1.0,85,0,0.9999999999999999
resource_auction_v1,allocation,tight_screen_0.9,8,0.2,0.9,0.889530787833664,1.0,0.3333333333333333,0.926995757500551,0.926995757500551,0.18539915150011022,0.8,True,0.6,6.0,30,2,0.9114320605834986
resource_auction_v1,allocation,moderate_screen_0.9,8,0.2,0.9,0.8866513575166756,1.0,0.3333333333333333,0.9221967069722368,0.9221967069722368,0.18443934139444737,0.5,True,0.4,4.0,50,1,0.9099923454250044
resource_auction_v1,allocation,light_screen_0.9,8,0.2,0.9,1.0,1.0,1.0,1.0,1.0,0.2,0.15,False,,1.0,85,0,0.9999999999999999
resource_auction_v1,allocation,tight_screen_0.9,9,0.2,0.9,0.9298435075594754,1.0,0.3333333333333333,0.9941836237102366,0.9941836237102366,0.19883672474204733,0.8,True,0.6,6.0,30,2,0.9315884204464043
resource_auction_v1,allocation,moderate_screen_0.9,9,0.2,0.9,0.9110743505554505,1.0,0.5,0.9351239175924172,0.9351239175924172,0.18702478351848345,0.5,True,0.4,4.0,50,1,0.9305371752777252
resource_auction_v1,allocation,light_screen_0.9,9,0.2,0.9,0.9996741975060695,1.0,1.0,0.9994569958434489,0.9994569958434489,0.1998913991686898,0.15,False,,1.0,85,0,0.9998370987530346
resource_auction_v1,allocation,tight_screen_1.0,0,0.2,1.0,0.8832153049787429,1.0,0.3333333333333333,0.9164699527423491,0.9164699527423491,0.18329399054846984,0.8,True,0.6,6.0,30,2,0.908274319156038
resource_auction_v1,allocation,moderate_screen_1.0,0,0.2,1.0,0.947166182571175,1.0,0.5,0.995276970951958,0.995276970951958,0.19905539419039162,0.5,True,0.4,4.0,50,1,0.9485830912855875
resource_auction_v1,allocation,light_screen_1.0,0,0.2,1.0,0.997166182571175,1.0,1.0,0.995276970951958,0.995276970951958,0.19905539419039162,0.15,False,,1.0,85,0,0.9985830912855874
resource_auction_v1,allocation,tight_screen_1.0,1,0.2,1.0,0.8375724550689716,1.0,0.3333333333333333,0.8403985362260635,0.8403985362260635,0.1680797072452127,0.8,True,0.6,6.0,30,2,0.8854528942011524
resource_auction_v1,allocation,moderate_screen_1.0,1,0.2,1.0,0.9296762017963793,1.0,0.5,0.9661270029939653,0.9661270029939653,0.19322540059879306,0.5,True,0.4,4.0,50,1,0.9398381008981895
resource_auction_v1,allocation,light_screen_1.0,1,0.2,1.0,0.9947033083664836,1.0,1.0,0.9911721806108058,0.9911721806108058,0.19823443612216118,0.15,False,,1.0,85,0,0.9973516541832417
resource_auction_v1,allocation,tight_screen_1.0,2,0.2,1.0,0.9160331956902102,1.0,0.3333333333333333,0.9711664372614613,0.9711664372614613,0.1942332874522923,0.8,True,0.6,6.0,30,2,0.9246832645117716
resource_auction_v1,allocation,moderate_screen_1.0,2,0.2,1.0,0.9284800588530935,1.0,0.3333333333333333,0.9919112091996,0.9919112091996,0.19838224183992,0.5,True,0.4,4.0,50,1,0.9309066960932133
resource_auction_v1,allocation,light_screen_1.0,2,0.2,1.0,0.9982180980585406,1.0,1.0,0.9970301634309007,0.9970301634309007,0.19940603268618015,0.15,False,,1.0,85,0,0.9991090490292701
resource_auction_v1,allocation,tight_screen_1.0,3,0.2,1.0,0.9147867023721484,1.0,0.3333333333333333,0.969088948398025,0.969088948398025,0.193817789679605,0.8,True,0.6,6.0,30,2,0.9240600178527408
resource_auction_v1,allocation,moderate_screen_1.0,3,0.2,1.0,0.9353249305161913,1.0,0.5,0.9755415508603185,0.9755415508603185,0.1951083101720637,0.5,True,0.4,4.0,50,1,0.9426624652580955
resource_auction_v1,allocation,light_screen_1.0,3,0.2,1.0,1.0,1.0,1.0,1.0,1.0,0.2,0.15,False,,1.0,85,0,0.9999999999999999
resource_auction_v1,allocation,tight_screen_1.0,4,0.2,1.0,0.9075794831290376,1.0,0.3333333333333333,0.9570769163261735,0.9570769163261735,0.19141538326523472,0.8,True,0.6,6.0,30,2,0.9204564082311854
resource_auction_v1,allocation,moderate_screen_1.0,4,0.2,1.0,0.9424561679859768,1.0,0.5,0.9874269466432943,0.9874269466432943,0.1974853893286589,0.5,True,0.4,4.0,50,1,0.9462280839929883
resource_auction_v1,allocation,light_screen_1.0,4,0.2,1.0,0.998267299857339,1.0,1.0,0.9971121664288981,0.9971121664288981,0.19942243328577963,0.15,False,,1.0,85,0,0.9991336499286694
resource_auction_v1,allocation,tight_screen_1.0,5,0.2,1.0,0.8797602816234162,1.0,0.3333333333333333,0.9107115804834713,0.9107115804834713,0.1821423160966943,0.8,True,0.6,6.0,30,2,0.9065468074783747
resource_auction_v1,allocation,moderate_screen_1.0,5,0.2,1.0,0.8658807082394238,1.0,0.3333333333333333,0.8875789581768171,0.8875789581768171,0.17751579163536343,0.5,True,0.4,4.0,50,1,0.8996070207863784
resource_auction_v1,allocation,light_screen_1.0,5,0.2,1.0,0.9910692688636209,1.0,1.0,0.9851154481060346,0.9851154481060346,0.19702308962120693,0.15,False,,1.0,85,0,0.9955346344318103
resource_auction_v1,allocation,tight_screen_1.0,6,0.2,1.0,0.9011154056911999,1.0,0.3333333333333333,0.9463034539297773,0.9463034539297773,0.18926069078595548,0.8,True,0.6,6.0,30,2,0.9172243695122665
resource_auction_v1,allocation,moderate_screen_1.0,6,0.2,1.0,0.9295075943363098,1.0,0.5,0.965845990560516,0.965845990560516,0.1931691981121032,0.5,True,0.4,4.0,50,1,0.9397537971681549
resource_auction_v1,allocation,light_screen_1.0,6,0.2,1.0,1.0,1.0,1.0,1.0,1.0,0.2,0.15,False,,1.0,85,0,0.9999999999999999
resource_auction_v1,allocation,tight_screen_1.0,7,0.2,1.0,0.9183553090429943,1.0,0.3333333333333333,0.9750366261827682,0.9750366261827682,0.19500732523655365,0.8,True,0.6,6.0,30,2,0.9258443211881637
resource_auction_v1,allocation,moderate_screen_1.0,7,0.2,1.0,0.9058128085451088,1.0,0.5,0.9263546809085144,0.9263546809085144,0.18527093618170287,0.5,True,0.4,4.0,50,1,0.9279064042725543
resource_auction_v1,allocation,light_screen_1.0,7,0.2,1.0,0.9934992788826279,1.0,1.0,0.9891654648043796,0.9891654648043796,0.19783309296087592,0.15,False,,1.0,85,0,0.9967496394413139
resource_auction_v1,allocation,tight_screen_1.0,8,0.2,1.0,0.867262774850618,1.0,0.3333333333333333,0.8898824025288075,0.8898824025288075,0.1779764805057615,0.8,True,0.6,6.0,30,2,0.9002980540919755
resource_auction_v1,allocation,moderate_screen_1.0,8,0.2,1.0,0.9370455888616768,1.0,0.5,0.9784093147694609,0.9784093147694609,0.1956818629538922,0.5,True,0.4,4.0,50,1,0.9435227944308383
resource_auction_v1,allocation,light_screen_1.0,8,0.2,1.0,0.9899154257777645,1.0,1.0,0.9831923762962739,0.9831923762962739,0.1966384752592548,0.15,False,,1.0,85,0,0.9949577128888821
resource_auction_v1,allocation,tight_screen_1.0,9,0.2,1.0,0.8584684424695748,1.0,0.3333333333333333,0.8752251818937355,0.8752251818937355,0.17504503637874713,0.8,True,0.6,6.0,30,2,0.895900887901454
resource_auction_v1,allocation,moderate_screen_1.0,9,0.2,1.0,0.9161240872325633,1.0,0.5,0.9435401453876053,0.9435401453876053,0.18870802907752107,0.5,True,0.4,4.0,50,1,0.9330620436162815
resource_auction_v1,allocation,light_screen_1.0,9,0.2,1.0,0.981326330408374,1.0,1.0,0.9688772173472899,0.9688772173472899,0.193775443469458,0.15,False,,1.0,85,0,0.990663165204187
