base_rate,seed,metric,variant,value
0.05,0,quality_gap,soft,-0.10095971411522742
0.05,0,quality_gap,binary,0.001203369434416346
0.05,0,conditional_loss,soft,-0.020349692376350537
0.05,0,conditional_loss,binary,0.00024255415162455218
0.05,1,quality_gap,soft,-0.10461767118339371
0.05,1,quality_gap,binary,-0.0008484199282564608
0.05,1,conditional_loss,soft,-0.021768103978002995
0.05,1,conditional_loss,binary,-0.00017653320903043834
0.05,2,quality_gap,soft,-0.10088066896019776
0.05,2,quality_gap,binary,-0.0003452729061138582
0.05,2,conditional_loss,soft,-0.01957190061857994
0.05,2,conditional_loss,binary,-6.698654037884388e-05
0.05,3,quality_gap,soft,-0.11000298353064386
0.05,3,quality_gap,binary,-0.0019753934239049586
0.05,3,conditional_loss,soft,-0.022229769588484216
0.05,3,conditional_loss,binary,-0.00039919408774746756
0.05,4,quality_gap,soft,-0.10731033795531386
0.05,4,quality_gap,binary,0.0013793103448276334
0.05,4,conditional_loss,soft,-0.01914259934879947
0.05,4,conditional_loss,binary,0.00024604885057466497
0.05,5,quality_gap,soft,-0.10732482956505862
0.05,5,quality_gap,binary,0.0008093889113719444
0.05,5,conditional_loss,soft,-0.02286242463130672
0.05,5,conditional_loss,binary,0.00017241670039114254
0.05,6,quality_gap,soft,-0.10634923719705514
0.05,6,quality_gap,binary,-0.0003799856741033558
0.05,6,conditional_loss,soft,-0.02016204288527501
0.05,6,conditional_loss,binary,-7.203895071539179e-05
0.05,7,quality_gap,soft,-0.11049641371297347
0.05,7,quality_gap,binary,0.0003572361845938232
0.05,7,conditional_loss,soft,-0.020228900739640676
0.05,7,conditional_loss,binary,6.54002702524803e-05
0.05,8,quality_gap,soft,-0.10438562757746839
0.05,8,quality_gap,binary,0.0010020040080159776
0.05,8,conditional_loss,soft,-0.020931493029856973
0.05,8,conditional_loss,binary,0.0002009226786906515
0.05,9,quality_gap,soft,-0.10892041906281014
0.05,9,quality_gap,binary,-0.0007774419539124944
0.05,9,conditional_loss,soft,-0.02064949611399114
0.05,9,conditional_loss,binary,-0.00014739003709596243
0.1,0,quality_gap,soft,-0.09898903088151201
0.1,0,quality_gap,binary,0.0020116676725004945
0.1,0,conditional_loss,soft,-0.020339152438935693
0.1,0,conditional_loss,binary,0.0004133348420841676
0.1,1,quality_gap,soft,-0.09867098606321456
0.1,1,quality_gap,binary,0.0007156954735172416
0.1,1,conditional_loss,soft,-0.019914066197654012
0.1,1,conditional_loss,binary,0.0001444437479104499
0.1,2,quality_gap,soft,-0.09758581788570286
0.1,2,quality_gap,binary,-0.0012114743531987937
0.1,2,conditional_loss,soft,-0.01817027598653065
0.1,2,conditional_loss,binary,-0.00022557400066069988
0.1,3,quality_gap,soft,-0.10354234800353346
0.1,3,quality_gap,binary,0.0024360869989585865
0.1,3,conditional_loss,soft,-0.019980437466306733
0.1,3,conditional_loss,binary,0.0004700886630802925
0.1,4,quality_gap,soft,-0.1021948676557598
0.1,4,quality_gap,binary,0.0021627998427055095
0.1,4,conditional_loss,soft,-0.017937328333328617
0.1,4,conditional_loss,binary,0.00037961643072492723
0.1,5,quality_gap,soft,-0.09958225631971929
0.1,5,quality_gap,binary,0.0015980823012384793
0.1,5,conditional_loss,soft,-0.01955339095444486
0.1,5,conditional_loss,binary,0.000313790118524393
0.1,6,quality_gap,soft,-0.09891919332249843
0.1,6,quality_gap,binary,-0.0009099566298332862
0.1,6,conditional_loss,soft,-0.018882231433695718
0.1,6,conditional_loss,binary,-0.00017369745043438467
0.1,7,quality_gap,soft,-0.10159729055517652
0.1,7,quality_gap,binary,0.002364532019704435
0.1,7,conditional_loss,soft,-0.01812347500788969
0.1,7,conditional_loss,binary,0.00042179802955655266
0.1,8,quality_gap,soft,-0.0991690899187464
0.1,8,quality_gap,binary,0.0015974440894568342
0.1,8,conditional_loss,soft,-0.019420613442421186
0.1,8,conditional_loss,binary,0.00031283280085192544
0.1,9,quality_gap,soft,-0.09799564703405217
0.1,9,quality_gap,binary,0.0007551783659378586
0.1,9,conditional_loss,soft,-0.017965868622909498
0.1,9,conditional_loss,binary,0.0001384493670885112
0.2,0,quality_gap,soft,-0.0850224278779188
0.2,0,quality_gap,binary,-0.00031251133943599463
0.2,0,conditional_loss,soft,-0.015565303853691814
0.2,0,conditional_loss,binary,-5.7212362401970474e-05
0.2,1,quality_gap,soft,-0.08136744738254598
0.2,1,quality_gap,binary,-0.0002742561259676535
0.2,1,conditional_loss,soft,-0.01489617591404424
0.2,1,conditional_loss,binary,-5.020886889461895e-05
0.2,2,quality_gap,soft,-0.08365344788796492
0.2,2,quality_gap,binary,0.003918495297805635
0.2,2,conditional_loss,soft,-0.014290797347527362
0.2,2,conditional_loss,binary,0.0006694096133751382
0.2,3,quality_gap,soft,-0.0911509107833437
0.2,3,quality_gap,binary,0.0017009541446918464
0.2,3,conditional_loss,soft,-0.016805949175679125
0.2,3,conditional_loss,binary,0.000313613420427572
0.2,4,quality_gap,soft,-0.08462272985056885
0.2,4,quality_gap,binary,0.0024002745213450583
0.2,4,conditional_loss,soft,-0.014500457354602703
0.2,4,conditional_loss,binary,0.00041129704037634607
0.2,5,quality_gap,soft,-0.08772797820020328
0.2,5,quality_gap,binary,-5.9677407804326066e-05
0.2,5,conditional_loss,soft,-0.0172029082251961
0.2,5,conditional_loss,binary,-1.1702366686683341e-05
0.2,6,quality_gap,soft,-0.08538913791789116
0.2,6,quality_gap,binary,0.0019120409884174627
0.2,6,conditional_loss,soft,-0.015410070983619462
0.2,6,conditional_loss,binary,0.00034506364712849624
0.2,7,quality_gap,soft,-0.08871789041077094
0.2,7,quality_gap,binary,0.0004945443400793392
0.2,7,conditional_loss,soft,-0.015664252525651734
0.2,7,conditional_loss,binary,8.731798504524324e-05
0.2,8,quality_gap,soft,-0.0785083477531141
0.2,8,quality_gap,binary,0.0027711797307996555
0.2,8,conditional_loss,soft,-0.014474976616980384
0.2,8,conditional_loss,binary,0.0005109362628661351
0.2,9,quality_gap,soft,-0.08585461492104274
0.2,9,quality_gap,binary,0.0019210899741299858
0.2,9,conditional_loss,soft,-0.01495748369327532
0.2,9,conditional_loss,binary,0.0003346898939303733
0.35,0,quality_gap,soft,-0.0570636174853103
0.35,0,quality_gap,binary,0.001585023355355708
0.35,0,conditional_loss,soft,-0.009540323548325347
0.35,0,conditional_loss,binary,0.00026499609222352394
0.35,1,quality_gap,soft,-0.06857873322586305
0.35,1,quality_gap,binary,0.0035691226846285007
0.35,1,conditional_loss,soft,-0.011947701179193304
0.35,1,conditional_loss,binary,0.0006218080927126168
0.35,2,quality_gap,soft,-0.06636841881040201
0.35,2,quality_gap,binary,0.004982341368603205
0.35,2,conditional_loss,soft,-0.010629317075103506
0.35,2,conditional_loss,binary,0.0007979531098153414
0.35,3,quality_gap,soft,-0.06596458590514342
0.35,3,quality_gap,binary,0.007872658315136172
0.35,3,conditional_loss,soft,-0.011646872198876834
0.35,3,conditional_loss,binary,0.0013900162337662225
0.35,4,quality_gap,soft,-0.07029709010953933
0.35,4,quality_gap,binary,0.0018034044608279398
0.35,4,conditional_loss,soft,-0.010379804711486695
0.35,4,conditional_loss,binary,0.0002662839399191208
0.35,5,quality_gap,soft,-0.06335752964396346
0.35,5,quality_gap,binary,0.00671017030081178
0.35,5,conditional_loss,soft,-0.010064607573650464
0.35,5,conditional_loss,binary,0.0010659385113268582
0.35,6,quality_gap,soft,-0.06441806189541843
0.35,6,quality_gap,binary,0.005123165456056289
0.35,6,conditional_loss,soft,-0.010853772407899864
0.35,6,conditional_loss,binary,0.0008632000130386341
0.35,7,quality_gap,soft,-0.06988988183869038
0.35,7,quality_gap,binary,-0.003326192794547267
0.35,7,conditional_loss,soft,-0.011375306288849307
0.35,7,conditional_loss,binary,-0.0005413725251541823
0.35,8,quality_gap,soft,-0.06703847374657057
0.35,8,quality_gap,binary,0.007120339424968591
0.35,8,conditional_loss,soft,-0.01073663056097407
0.35,8,conditional_loss,binary,0.0011403668610301398
0.35,9,quality_gap,soft,-0.07019949269564729
0.35,9,quality_gap,binary,0.0029053068799433923
0.35,9,conditional_loss,soft,-0.011626790977716572
0.35,9,conditional_loss,binary,0.00048119145199065905
0.5,0,quality_gap,soft,-0.04477403444627048
0.5,0,quality_gap,binary,0.0024226818803625427
0.5,0,conditional_loss,soft,-0.006891003738996315
0.5,0,conditional_loss,binary,0.0003728658831495535
0.5,1,quality_gap,soft,-0.04881678338472362
0.5,1,quality_gap,binary,0.0006892407747772777
0.5,1,conditional_loss,soft,-0.007831025667966118
0.5,1,conditional_loss,binary,0.00011056570762058016
0.5,2,quality_gap,soft,-0.041413732029866424
0.5,2,quality_gap,binary,0.004541114173484573
0.5,2,conditional_loss,soft,-0.006125781196084423
0.5,2,conditional_loss,binary,0.0006717064714946153
0.5,3,quality_gap,soft,-0.050057890278092265
0.5,3,quality_gap,binary,0.00458831454545261
0.5,3,conditional_loss,soft,-0.007339216725668174
0.5,3,conditional_loss,binary,0.0006727138252837772
0.5,4,quality_gap,soft,-0.05163649419114669
0.5,4,quality_gap,binary,0.005640020708755689
0.5,4,conditional_loss,soft,-0.006911759899544068
0.5,4,conditional_loss,binary,0.0007549402719532194
0.5,5,quality_gap,soft,-0.053313112722915834
0.5,5,quality_gap,binary,0.0005584671502242289
0.5,5,conditional_loss,soft,-0.00798308328533237
0.5,5,conditional_loss,binary,8.362463837996437e-05
0.5,6,quality_gap,soft,-0.043584702317256974
0.5,6,quality_gap,binary,0.006104857519521278
0.5,6,conditional_loss,soft,-0.006469604250217809
0.5,6,conditional_loss,binary,0.0009061897880540126
0.5,7,quality_gap,soft,-0.05025107322022393
0.5,7,quality_gap,binary,0.003966086407130809
0.5,7,conditional_loss,soft,-0.007289022860329397
0.5,7,conditional_loss,binary,0.000575289096034326
0.5,8,quality_gap,soft,-0.05238715261174376
0.5,8,quality_gap,binary,0.004961270334386425
0.5,8,conditional_loss,soft,-0.007762575478146405
0.5,8,conditional_loss,binary,0.0007351465677776226
0.5,9,quality_gap,soft,-0.04779639472343011
0.5,9,quality_gap,binary,0.00035510307729791357
0.5,9,conditional_loss,soft,-0.00700764849721125
0.5,9,conditional_loss,binary,5.206328971840701e-05
