governance.audit_probability,governance.staking_enabled,payoff.rho_a,seed,run_index,toxicity_rate,quality_gap,welfare,mean_p,n_interactions,n_accepted,n_rejected,adverse_selection_rate,confidence_correlation,mean_confidence,n_plans,n_cache_hits,audited_violations,honest_mean_p,opportunistic_mean_p,worker_mean_p,p_gap_honest_vs_opp
0.0,True,0.0,0,0,0.22998846750835455,0.47306425874571556,975.0083022174073,0.6602212024410773,2400,1843,557,0.0,-0.3692440135624125,0.7907266666666666,300,127,0,0.7403046906497164,0.5834569771408964,0.6544397348393736,0.15684771350881999
0.0,True,0.0,1,1,0.23123866608033972,0.4711331165015256,928.6262515758646,0.6507817493290698,2400,1799,601,0.0,-0.39507696238736073,0.78544,300,118,0,0.7386686450610219,0.5695136947636976,0.6440401107913958,0.1691549502973243
0.0,True,0.0,2,2,0.23172867874936728,0.47107415995357776,978.3629303278856,0.6616907925611357,2400,1857,543,0.0,-0.44894888843282715,0.7829166666666667,300,99,0,0.7413935419651516,0.5926222149528356,0.6549593863614394,0.148771327012316
0.0,True,0.0,3,3,0.23256441285900106,0.46957221673698624,963.5023730021796,0.6586513569302638,2400,1844,556,0.0,-0.4463939562686304,0.7844033333333333,300,118,0,0.7374441830386429,0.5898957085902303,0.6520602114872592,0.14754847444841257
0.0,True,0.0,4,4,0.2333245627252345,0.467629464425506,987.1046564739983,0.6653557199825725,2400,1880,520,0.0,-0.2946331711429559,0.79625,300,108,0,0.7429630343384753,0.5992939425869331,0.6586424940974772,0.1436690917515422
0.0,True,0.0,5,5,0.23119237233942816,0.47188887434590493,947.8453445905626,0.6547678163603114,2400,1820,580,0.0,-0.4258749463189152,0.7926,300,114,0,0.7382930911084364,0.5725851635406782,0.6490204484533042,0.1657079275677582
0.0,True,0.0,6,6,0.23172310880563995,0.4706945267459378,969.5851946344864,0.6594287818843619,2400,1845,555,0.0,-0.4072967067577616,0.7896,300,121,0,0.736862652576107,0.5909215365839534,0.6530763071194008,0.14594111599215354
0.0,True,0.0,7,7,0.23365895074987486,0.46771918514765404,946.9975392691726,0.6562321577466149,2400,1835,565,0.0,-0.3480770076516622,0.80016,300,110,0,0.7354871011251682,0.5892880702592379,0.6493070474025545,0.14619903086593034
0.0,True,0.0,8,8,0.23218753030485426,0.4704590279991649,978.2803269610952,0.6623512375853329,2400,1862,538,0.0,-0.41478439854696175,0.7918266666666667,300,119,0,0.7470510665362198,0.5814272571965565,0.6562011358469925,0.16562380933966325
0.0,True,0.0,9,9,0.23221348001007405,0.46993002501770165,960.573355001999,0.6583319849962196,2400,1841,559,0.0,-0.4237750874208723,0.7965066666666667,300,101,0,0.7352045318256515,0.5908181445843602,0.6519593210185811,0.14438638724129127
0.0,True,0.1,0,10,0.23430477539994923,0.4689227225556751,905.4910415304419,0.6554983847994671,2400,1836,564,0.0,-0.3748642143234263,0.78811,300,117,0,0.7440835683982845,0.5669939371247817,0.6495819411029952,0.17708963127350275
0.0,True,0.1,1,11,0.23187899934957953,0.46904391560539527,964.1190198228696,0.6676674287249317,2400,1886,514,0.0,-0.43356068128649017,0.78284,300,108,0,0.7469835994590202,0.5995931257572618,0.6608807683071366,0.1473904737017584
0.0,True,0.1,2,12,0.23152581520679322,0.47182908822403063,923.6452829688649,0.6579875399674129,2400,1838,562,0.0,-0.3544654425185678,0.79879,300,99,0,0.7361602945474094,0.5808795655189383,0.6526340523112103,0.15528072902847112
0.0,True,0.1,3,13,0.23370970186866513,0.468932757272111,938.5096117573669,0.6623435369360169,2400,1868,532,0.0,-0.3655045650146444,0.78917,300,111,0,0.7414825260730513,0.5883941504517237,0.6563756573065158,0.1530883756213276
0.0,True,0.1,4,14,0.23270189428454263,0.46935715333926437,936.3968635814473,0.6618883116946809,2400,1861,539,0.0,-0.46218095662789793,0.78241,300,134,0,0.7461088512401561,0.5872093049616574,0.6550014046833225,0.15889954627849878
0.0,True,0.1,5,15,0.2343173124790721,0.46754645194930927,969.8682001429725,0.6690564207847374,2400,1904,496,0.0,-0.34631967178139433,0.7877333333333333,300,106,0,0.7441708451227784,0.6144234649038827,0.6613179300345764,0.12974738021889576
0.0,True,0.1,6,16,0.23197422024530567,0.47185052516170645,907.9641630949377,0.6547816537158848,2400,1824,576,0.0,-0.2919663985253781,0.7928000000000001,300,114,0,0.73638272217619,0.5738363630506133,0.6492541454458599,0.1625463591255768
0.0,True,0.1,7,17,0.23313322682121387,0.4704503634180001,894.388080696176,0.6519984761108911,2400,1814,586,0.0,-0.40973758890193884,0.7926466666666667,300,112,0,0.7359150446212375,0.5722927811237131,0.6458425884071123,0.1636222634975244
0.0,True,0.1,8,18,0.23401576856182305,0.46945603669047353,954.7904319985696,0.6654423969136338,2400,1886,514,0.0,-0.3604189126722626,0.8024566666666666,300,103,0,0.7428367980515744,0.6027216754455007,0.6583262795484636,0.14011512260607373
0.0,True,0.1,9,19,0.2337618642357914,0.4684389980323313,912.836064808524,0.6571308858058448,2400,1841,559,0.0,-0.3650470218148612,0.7889066666666666,300,133,0,0.7411630254978573,0.5820172803143328,0.6503396052663105,0.15914574518352453
0.0,True,0.2,0,20,0.23112227849988115,0.47059403174756004,882.4699315536134,0.6582881240394423,2400,1836,564,0.0,-0.37434310923506364,0.78859,300,115,0,0.7427350764795561,0.5756225317627808,0.652420812521641,0.16711254471677528
0.0,True,0.2,1,21,0.23154058245705722,0.47330250207671754,885.729664843928,0.6582193764342407,2400,1841,559,0.0,-0.386284667047535,0.8009466666666666,300,113,0,0.7397779177650418,0.5823260792450622,0.6520267744599709,0.15745183851997957
0.0,True,0.2,2,22,0.23195956608211607,0.4726204000972939,901.9467561855724,0.6613069935625784,2400,1858,542,0.0,-0.38458927835071866,0.7880533333333333,300,120,0,0.7464041800531352,0.5755101046732144,0.6557271414497156,0.17089407537992085
0.0,True,0.2,3,23,0.23329769956095278,0.4708402235895221,848.1315298563998,0.650954078806623,2400,1810,590,0.0,-0.39050879271333067,0.7948566666666667,300,118,0,0.7354190776667847,0.5680691765963183,0.645112399329298,0.16734990107046643
0.0,True,0.2,4,24,0.22990476842425928,0.4752884161799045,878.7926249185064,0.6564220853727136,2400,1826,574,0.0,-0.4068763236105029,0.78868,300,111,0,0.7425234473608328,0.5685194274833361,0.6509221673603401,0.1740040198774967
0.0,True,0.2,5,25,0.23444467287073661,0.4683082843819078,889.4510138264504,0.6599908346915083,2400,1859,541,0.0,-0.3834646559960984,0.7926533333333333,300,123,0,0.74257506857619,0.5895109587508627,0.652871304706658,0.15306410982532737
0.0,True,0.2,6,26,0.23308241985094383,0.4699626798942325,875.3103238167984,0.6572596215070686,2400,1840,560,0.0,-0.405231570478421,0.7924500000000001,300,100,0,0.7452329319376095,0.5741920011183194,0.6507406421394603,0.17104093081929017
0.0,True,0.2,7,27,0.23461939132021706,0.4670418549136498,858.7453408882856,0.6542635673649104,2400,1829,571,0.0,-0.39010132413061005,0.7829633333333333,300,105,0,0.7361558312883444,0.5729386693315508,0.648728434318005,0.1632171619567936
0.0,True,0.2,8,28,0.23328190918845693,0.46963589338345246,894.9170015746981,0.6610500148002663,2400,1860,540,0.0,-0.37354087656963375,0.7869233333333333,300,107,0,0.7363111193077934,0.5959713021650709,0.6546749555834536,0.14033981714272248
0.0,True,0.2,9,29,0.23117048771242402,0.4714198531740608,891.9061846714999,0.6596172463022518,2400,1844,556,0.0,-0.44249893449760735,0.7975166666666667,300,108,0,0.7440121633942078,0.5806778071529723,0.653263521437098,0.1633343562412355
0.0,True,0.4,0,30,0.2359741128085881,0.4673763111603105,787.2945757758978,0.65575037510594,2400,1844,556,0.0,-0.35008531928501163,0.78904,300,99,0,0.7365784086811688,0.5897552790796088,0.6483841145277384,0.14682312960155997
0.0,True,0.4,1,31,0.23038038100432298,0.4726748447806172,779.5750013941818,0.6538142820244258,2400,1812,588,0.0,-0.4552724213961615,0.7954133333333333,300,103,0,0.7388423353154993,0.5639324120541781,0.6487929206955774,0.17490992326132115
0.0,True,0.4,2,32,0.231830224864189,0.4701774001244947,807.1963259694503,0.6588535296068659,2400,1842,558,0.0,-0.37539591987780224,0.7935766666666667,300,110,0,0.7468980370511392,0.5748150435651307,0.6524497595902428,0.17208299348600853
0.0,True,0.4,3,33,0.23635868514248815,0.4672921782010034,778.1510557691741,0.6548011783515281,2400,1841,559,0.0,-0.39422400564812055,0.7829699999999999,300,118,0,0.7455013583326037,0.574766632081372,0.6473324151913338,0.17073472625123165
0.0,True,0.4,4,34,0.23536442473047317,0.46771006222859796,840.1519077115646,0.6648574286607593,2400,1888,512,0.0,-0.4389018143902513,0.8006133333333333,300,121,0,0.7384613784544973,0.605414468538254,0.6580623667183456,0.13304690991624335
0.0,True,0.4,5,35,0.23169245047899753,0.470844988059244,787.2545160048694,0.655304752386784,2400,1824,576,0.0,-0.42256522328059837,0.78367,300,109,0,0.7413078569911585,0.582578188192782,0.6478010066917759,0.15872966879837658
0.0,True,0.4,6,36,0.23312385930341287,0.46988256943122547,788.3845195216084,0.6558663836684601,2400,1833,567,0.0,-0.4048344322582148,0.7900666666666667,300,107,0,0.7430825074327577,0.5710047468011893,0.6497380438312367,0.17207776063156843
0.0,True,0.4,7,37,0.23334748995479487,0.4702690066599786,788.3085829040995,0.6551595663829018,2400,1831,569,0.0,-0.3840699380036907,0.7981633333333333,300,121,0,0.7337865924964425,0.5873801521867364,0.6484714163863491,0.14640644030970607
0.0,True,0.4,8,38,0.23157939928799084,0.469843362841099,821.9694193064629,0.6617270037335096,2400,1855,545,0.0,-0.301557347229661,0.78508,300,104,0,0.7492360809231852,0.5810847262212139,0.6549774919638804,0.1681513547019713
0.0,True,0.4,9,39,0.2323654831769845,0.469401108012483,766.7673695362239,0.6524356615649519,2400,1811,589,0.0,-0.48742551089432695,0.79645,300,106,0,0.7399870379694533,0.5672435873783829,0.6462843295089276,0.17274345059107044
0.0,False,0.0,0,40,0.23382220606949772,0.4696578881772417,964.7129752675789,0.6595263151569203,2400,1855,545,0.0,-0.3746484025777257,0.7879333333333333,300,115,0,0.7424378572665409,0.5873359501240434,0.6525693887393798,0.1551019071424975
0.0,False,0.0,1,41,0.23234463930627577,0.4704221316779997,964.2217958367063,0.6594582704077844,2400,1848,552,0.0,-0.37815065911262147,0.7820866666666667,300,113,0,0.7377915535884548,0.589176718626218,0.6531624873425257,0.14861483496223682
0.0,False,0.0,2,42,0.23023631519843754,0.4729886317991459,971.4762513361196,0.659990906504844,2400,1843,557,0.0,-0.3457546314948763,0.7893366666666666,300,112,0,0.7416113949079981,0.5844853844591741,0.6537342117636359,0.15712601044882402
0.0,False,0.0,3,43,0.23578385742315183,0.46726330900699564,898.7346112617369,0.6450639987800643,2400,1788,612,0.0,-0.4438419704448714,0.7907866666666666,300,109,0,0.7282480053005748,0.5637069607069051,0.6392748025523834,0.1645410445936697
0.0,False,0.0,4,44,0.23586779486036144,0.4668773795986887,920.5718204373709,0.6503308438624581,2400,1815,585,0.0,-0.3613488678683518,0.79437,300,118,0,0.7391946972284119,0.5733354313064611,0.6428241281967337,0.16585926592195077
0.0,False,0.0,5,45,0.2327817188727733,0.4691179046303226,989.2230668022236,0.6651851368701316,2400,1878,522,0.0,-0.4477997316678079,0.7900266666666667,300,115,0,0.7422016566490168,0.6004560199243986,0.6584123818404523,0.14174563672461826
0.0,False,0.0,6,46,0.2332014534433222,0.4701947335505721,943.8266435982265,0.6543436394491661,2400,1826,574,0.0,-0.3477279304956257,0.7916766666666667,300,108,0,0.7383241153045456,0.5785980812722543,0.6476469520350117,0.15972603403229124
0.0,False,0.0,7,47,0.23317450300525883,0.4703602445050625,927.4431754330643,0.6508033033501591,2400,1808,592,0.0,-0.4213479973945529,0.7900933333333333,300,120,0,0.736504386379741,0.5724240327335303,0.6441136561597932,0.16408035364621076
0.0,False,0.0,8,48,0.23313430275740962,0.469321121516712,974.9470727905227,0.661855096303226,2400,1863,537,0.0,-0.4160095682518446,0.77947,300,112,0,0.743888478273441,0.5906514027728748,0.6549422457132299,0.1532370755005662
0.0,False,0.0,9,49,0.23054471891670908,0.4717984397294621,985.885304277932,0.6631040494609414,2400,1859,541,0.0,-0.37037158355165734,0.7890333333333334,300,121,0,0.7398428865934826,0.5884675916645509,0.6577078097406185,0.15137529492893176
0.0,False,0.1,0,50,0.23044510643859512,0.4733865659725617,898.0573428223772,0.6521944740807073,2400,1805,595,0.0,-0.3745559711527047,0.7929466666666666,300,111,0,0.7370191689520202,0.5629749096870803,0.647125477025595,0.17404425926493994
0.0,False,0.1,1,51,0.2326379351476934,0.4686157364043091,926.1853998777445,0.6595804454793156,2400,1848,552,0.0,-0.40669116485322643,0.78363,300,97,0,0.7371855703041711,0.5946525470995813,0.6527164736316423,0.14253302320458983
0.0,False,0.1,2,52,0.23121991831005334,0.47193879946297973,908.3793502450239,0.65472820515306,2400,1820,580,0.0,-0.4834327292300459,0.7837233333333333,300,120,0,0.7379351300828656,0.5673328570444102,0.649739533248252,0.17060227303845543
0.0,False,0.1,3,53,0.2348150190388242,0.4683684692289859,894.8691002680033,0.6535571624616009,2400,1828,572,0.0,-0.47107285924149955,0.7905266666666666,300,118,0,0.7443917851370785,0.5663972745430079,0.6470115563156511,0.17799451059407057
0.0,False,0.1,4,54,0.23264221612295571,0.4693651839627594,936.3838951475836,0.6621417551387258,2400,1862,538,0.0,-0.4046549248061356,0.7791133333333333,300,125,0,0.7478095697462938,0.5825893598684846,0.6556151782532442,0.16522020987780917
0.0,False,0.1,5,55,0.23231693504887485,0.47074092197544665,915.6846087002555,0.6568628062360721,2400,1835,565,0.0,-0.4140397527535605,0.7893033333333334,300,113,0,0.7415756193960309,0.5767527480588471,0.650601584694377,0.16482287133718376
0.0,False,0.1,6,56,0.22898608106478502,0.4719516569214314,947.3896296769958,0.6634482704618722,2400,1853,547,0.0,-0.37418564500037704,0.7871333333333332,300,122,0,0.7459776294010703,0.5790795692441179,0.6581915588363998,0.1668980601569524
0.0,False,0.1,7,57,0.23338869341017018,0.468673842571318,902.6454389461907,0.6547154266759276,2400,1827,573,0.0,-0.36904550201995123,0.7926533333333333,300,112,0,0.7306413527528842,0.5899802308362931,0.6481616009058209,0.14066112191659108
0.0,False,0.1,8,58,0.23117832720462414,0.47412745116385974,952.9388531953074,0.6637234211207202,2400,1868,532,0.0,-0.4148976590554385,0.7982866666666666,300,122,0,0.7418368849198198,0.5859547600095046,0.6584698831757291,0.15588212491031517
0.0,False,0.1,9,59,0.23287179582950993,0.46952198151358926,917.3788816409755,0.6573774409916886,2400,1839,561,0.0,-0.3794858148264745,0.7851533333333333,300,134,0,0.737476827235647,0.5852638647203505,0.650972707245742,0.15221296251529648
0.0,False,0.2,0,60,0.2337338957248257,0.47034753982583266,861.221390154557,0.6539706291417567,2400,1827,573,0.0,-0.4150881393538441,0.7879333333333333,300,115,0,0.7364946517758183,0.5786321512125449,0.647510955005506,0.15786250056327344
0.0,False,0.2,1,61,0.2332279058816443,0.4681679219602833,857.4551948850533,0.6534364430104705,2400,1819,581,0.0,-0.37402692236825813,0.7989733333333333,300,116,0,0.7328658078990828,0.574707529374804,0.6480477585175035,0.15815827852427888
0.0,False,0.2,2,62,0.237079852590828,0.4660051511262745,856.8256070762369,0.6541856121463746,2400,1840,560,0.0,-0.4690870256268399,0.7928933333333333,300,105,0,0.7354877344962464,0.5937348735989432,0.645985286149391,0.1417528608973032
0.0,False,0.2,3,63,0.23324910945492836,0.4680875822905634,866.5724180793362,0.655775126243684,2400,1831,569,0.0,-0.33657805765355786,0.8033633333333334,300,120,0,0.7406196814470759,0.5770239206477746,0.6493063759491267,0.16359576079930127
0.0,False,0.2,4,64,0.2327253408143734,0.46968800106493935,862.1673388538792,0.654158132262487,2400,1822,578,0.0,-0.4247270548896693,0.78952,300,119,0,0.7371417102469107,0.5773961256503493,0.6477963508805539,0.1597455845965614
0.0,False,0.2,5,65,0.23672240831627422,0.46584745983281,863.6115238033929,0.6555503665973884,2400,1845,555,0.0,-0.3302221465290632,0.79869,300,125,0,0.7369848638173303,0.5955092582689457,0.6472689482638592,0.14147560554838456
0.0,False,0.2,6,66,0.23168701120544052,0.4710663124714792,887.9319648593669,0.6593789040355299,2400,1845,555,0.0,-0.3937197985895506,0.79235,300,111,0,0.7413638502904021,0.5840989334499338,0.6530192441959684,0.15726491684046828
0.0,False,0.2,7,67,0.23184657227927427,0.4706159581149825,901.6524706718479,0.6622648371448546,2400,1860,540,0.0,-0.4063757840163742,0.78386,300,107,0,0.7424817514692028,0.5836042702908065,0.6567095298605248,0.15887748117839628
0.0,False,0.2,8,68,0.23377185580127594,0.4688740582689056,845.8956938990007,0.6513539999228422,2400,1812,588,0.0,-0.3910325867874872,0.7987366666666667,300,105,0,0.7345585138842599,0.5757709648058092,0.6447908351461631,0.1587875490784506
0.0,False,0.2,9,69,0.23153943743442412,0.4712330757502641,863.7126096860891,0.6543828888110328,2400,1819,581,0.0,-0.41286052829113623,0.7904433333333334,300,106,0,0.738438980946669,0.5697323005814824,0.6488584154811788,0.16870668036518666
0.0,False,0.4,0,70,0.23311941375466136,0.46935966529348355,775.0547452309077,0.6534520004660801,2400,1820,580,0.0,-0.32161318831300933,0.7927766666666667,300,113,0,0.7422755817703784,0.5645571287151495,0.6475399337720111,0.17771845305522893
0.0,False,0.4,1,71,0.23280419094318325,0.46902253143362316,822.8220093890524,0.6612748873747235,2400,1858,542,0.0,-0.48477772038760203,0.7816500000000001,300,116,0,0.7337368921629336,0.5965522368226314,0.6554121731573604,0.13718465534030222
0.0,False,0.4,2,72,0.23245270588776737,0.4703482903598946,799.5070746310362,0.6574074027862906,2400,1838,562,0.0,-0.44240259308953217,0.7916333333333334,300,122,0,0.7427155585320976,0.5752062258672078,0.6513059285596737,0.16750933266488977
0.0,False,0.4,3,73,0.23186791135795365,0.46954583802304684,798.8827355485814,0.6577888167066304,2400,1836,564,0.0,-0.436644511981003,0.7924766666666666,300,111,0,0.740478004561629,0.582307495565254,0.6513151552878141,0.15817050899637508
0.0,False,0.4,4,74,0.23489720498764993,0.4695626926789708,785.9047729550598,0.6545599111108423,2400,1835,565,0.0,-0.4251939335883357,0.7851233333333334,300,108,0,0.7366314679013786,0.5763242563760962,0.6485770203840346,0.16030721152528238
0.0,False,0.4,5,75,0.23606822308636852,0.4655075781946307,765.6748641536327,0.6525978811287491,2400,1826,574,0.0,-0.26742628885530384,0.7963366666666667,300,106,0,0.7370840336927686,0.5817096791679879,0.64515241087738,0.15537435452478077
0.0,False,0.4,6,76,0.23475899243577622,0.4662990112840651,823.6299026650124,0.662266642572326,2400,1870,530,0.0,-0.4174127255777809,0.78957,300,120,0,0.7384629282080583,0.6009978794417957,0.6551965538625837,0.13746504876626253
0.0,False,0.4,7,77,0.2327590589454062,0.46894728386043627,800.5492866001102,0.6578199081538254,2400,1840,560,0.0,-0.4730935514548534,0.8021199999999999,300,136,0,0.7366941839895694,0.5887444007812856,0.6512551206363485,0.14794978320828378
0.0,False,0.4,8,78,0.22903652651984832,0.4734058045430417,819.2211251965266,0.6606993715053349,2400,1841,559,0.0,-0.3961349682723983,0.7976633333333334,300,137,0,0.7441201767066534,0.5777397419402311,0.6550764944070849,0.16638043476642228
0.0,False,0.4,9,79,0.2304016346344204,0.4726456480819922,799.6663294645759,0.6571480882594056,2400,1829,571,0.0,-0.4105786720716336,0.7767333333333334,300,109,0,0.7387831493145147,0.5743409142983963,0.6518620325765184,0.16444223501611843
0.1,True,0.0,0,80,0.2357577824962184,0.46710074260736584,929.7462830676785,0.651943413968594,2400,1823,577,0.0,-0.37921677771896767,0.7907633333333334,300,117,53,0.7341709478056855,0.5916965689574035,0.6435308198693345,0.14247437884828196
0.1,True,0.0,1,81,0.2326024732879896,0.46901182681125636,979.5095394288336,0.66362866003002,2400,1869,531,0.0,-0.3345484687470781,0.7946799999999999,300,94,51,0.7423862418409575,0.5977091825107329,0.6566664073370706,0.14467705933022457
0.1,True,0.0,2,82,0.23244087930492727,0.46806930996429097,980.0246771317825,0.663413699228018,2400,1866,534,0.0,-0.4181831163917198,0.7839733333333334,300,106,57,0.7442544296783186,0.5865612536164755,0.6574925458861636,0.15769317606184308
0.1,True,0.0,3,83,0.2324969170079091,0.4692567254842664,939.5689383270299,0.6533172797909195,2400,1816,584,0.0,-0.4092186452860564,0.7752266666666667,300,105,54,0.7394528480398838,0.5735168686200977,0.6467302209639029,0.1659359794197861
0.1,True,0.0,4,84,0.23254640692445455,0.46939917514743124,971.8114040264013,0.6610564467087944,2400,1856,544,0.0,-0.43685412538895907,0.78938,300,107,64,0.7410344966446001,0.5947447415636661,0.6539023974076503,0.146289755080934
0.1,True,0.0,5,85,0.23434989663981773,0.46922010870893677,939.8341045335574,0.6538193107845522,2400,1828,572,0.0,-0.4585721218290901,0.7904633333333334,300,109,64,0.7387028063003994,0.5840696377343711,0.6461425680880738,0.15463316856602827
0.1,True,0.0,6,86,0.23146241716959726,0.46976949912657456,988.7658511880157,0.6649925557312536,2400,1871,529,0.0,-0.4587137193802378,0.7886433333333333,300,109,39,0.747389982191898,0.5913051628566947,0.6583380561557326,0.15608481933520335
0.1,True,0.0,7,87,0.23381593136009657,0.4674263797576367,919.0247731761215,0.6493274737004943,2400,1800,600,0.0,-0.4007771716649413,0.7891466666666667,300,112,53,0.7349556672076417,0.5770287600041667,0.6418416634919084,0.15792690720347502
0.1,True,0.0,8,88,0.2342998345450933,0.4669267694894545,959.2749561385338,0.6596688782166763,2400,1855,545,0.0,-0.38624751739722474,0.7813633333333333,300,110,58,0.7448122598240049,0.5916363706603469,0.6517112029027213,0.15317588916365799
0.1,True,0.0,9,89,0.23318866070112768,0.4694615135779418,970.6192802705806,0.6611824987438354,2400,1860,540,0.0,-0.465019341267719,0.7951433333333333,300,113,60,0.7438940293988968,0.5806467911263619,0.6553782869618195,0.16324723827253496
0.1,True,0.1,0,90,0.23645839765653928,0.4660982543148045,927.3069616090563,0.6611941940001682,2400,1873,527,0.0,-0.42738740105389467,0.78967,300,117,48,0.749170012954511,0.5900453969388155,0.6530855364841467,0.1591246160156955
0.1,True,0.1,1,91,0.2327873737684077,0.47009694562294,924.7465851797198,0.6588944550109732,2400,1847,553,0.0,-0.5017725586929955,0.7831266666666666,300,124,64,0.7411655033507535,0.5782068552076137,0.6531985919834651,0.16295864814313976
0.1,True,0.1,2,92,0.2356437625454092,0.46586275414716255,913.9829798176125,0.6581783514052167,2400,1853,547,0.0,-0.366677349988377,0.7810166666666667,300,102,46,0.7379895913946934,0.5920196644424963,0.6510372616690174,0.14596992695219713
0.1,True,0.1,3,93,0.23268096045964554,0.4685665782345422,938.1059381749193,0.6620867955118469,2400,1861,539,0.0,-0.4410665505510464,0.7885733333333333,300,109,41,0.7324346332903893,0.5974421332648934,0.6566365162557322,0.1349925000254959
0.1,True,0.1,4,94,0.22937938165043367,0.4753591055277472,921.127244889923,0.656336366728937,2400,1823,577,0.0,-0.39698865273025313,0.79333,300,117,59,0.7475012000616876,0.5615576410954936,0.6507405634801795,0.18594355896619408
0.1,True,0.1,5,95,0.23329053212688125,0.4691371811951316,936.0343676056726,0.6619354974062059,2400,1864,536,0.0,-0.3773297494341324,0.7916866666666666,300,115,57,0.7399327404446451,0.5944861729818584,0.6553292920550978,0.14544656746278672
0.1,True,0.1,6,96,0.23210124106393087,0.47082971064784046,930.9245201745879,0.6600002835792724,2400,1850,550,0.0,-0.37503763597983525,0.7852866666666667,300,116,40,0.7427707877347682,0.575299792880431,0.6547395815080187,0.16747099485433725
0.1,True,0.1,7,97,0.23436095664344542,0.4691631600828381,907.9199215668469,0.6559721546871912,2400,1839,561,0.0,-0.44674239235106,0.7946799999999999,300,117,42,0.7448714097285621,0.577130042786239,0.6487045852657106,0.1677413669423231
0.1,True,0.1,8,98,0.22919830628256135,0.47482597139668126,908.5242313307568,0.65328226579676,2400,1806,594,0.0,-0.31479710232362923,0.7966599999999999,300,108,62,0.7365817240971061,0.5715836537106099,0.6475155224148442,0.16499807038649617
0.1,True,0.1,9,99,0.23462112141976596,0.4681401001102206,929.0377203215112,0.6606325311805722,2400,1863,537,0.0,-0.4418621731820504,0.7849633333333333,300,96,46,0.7385998324337139,0.5896667883602752,0.6545011699726502,0.14893304407343866
0.1,True,0.2,0,100,0.2321084456470817,0.47031624500761704,873.1806141755383,0.6563874112656958,2400,1831,569,0.0,-0.38444678220107603,0.7928566666666667,300,116,58,0.7357495196272353,0.5817502023944564,0.6504666174428864,0.15399931723277893
0.1,True,0.2,1,101,0.2336480201357636,0.4684228429219913,860.3694439135194,0.6541256737475092,2400,1825,575,0.0,-0.3260699616640232,0.7972233333333333,300,123,53,0.7379900140590091,0.5836299034730803,0.6467522417217999,0.1543601105859288
0.1,True,0.2,2,102,0.23090204722899926,0.47290327883802064,889.2583928395683,0.6589508974083118,2400,1841,559,0.0,-0.42371290097066744,0.7949900000000001,300,100,68,0.7447721827526916,0.5709304546924149,0.653522699368222,0.17384172806027676
0.1,True,0.2,3,103,0.2314930764488911,0.47070127121123867,874.1560811762365,0.6565192461087683,2400,1829,571,0.0,-0.4238097906820492,0.7948533333333333,300,119,56,0.7428676977759596,0.5751586705123576,0.6500976325215182,0.16770902726360204
0.1,True,0.2,4,104,0.23185186856119208,0.4711163022751343,914.6151943986991,0.6645025449382783,2400,1872,528,0.0,-0.40263846245463397,0.7917533333333334,300,112,66,0.7377972608077354,0.5985853985344345,0.6586325546182328,0.13921186227330096
0.1,True,0.2,5,105,0.2310210323844649,0.46947582360683066,920.6402039364435,0.666085516275038,2400,1874,526,0.0,-0.4113079659306795,0.7860266666666667,300,112,69,0.7363947814010419,0.6084628250866919,0.6597066887416168,0.12793195631434995
0.1,True,0.2,6,106,0.23281038715094596,0.46963210809314865,864.5727265456459,0.6548692669967761,2400,1826,574,0.0,-0.33911010075764886,0.7820933333333333,300,116,68,0.73606799847267,0.5833113860480399,0.648170571494762,0.15275661242463012
0.1,True,0.2,7,107,0.23263551925097012,0.469621678243507,871.8762153852213,0.6562206835647333,2400,1832,568,0.0,-0.32963252259015596,0.7950033333333334,300,114,65,0.7314335201120071,0.5915529689698678,0.6498004782012605,0.13988055114213938
0.1,True,0.2,8,108,0.2305590478226521,0.4734537990983013,862.3285937463612,0.6530502265656821,2400,1810,590,0.0,-0.43592102939815636,0.7869566666666666,300,105,46,0.7359667765719557,0.5644240599545812,0.6482837387792408,0.17154271661737452
0.1,True,0.2,9,109,0.2310162761218229,0.47145068106581156,897.8587409097387,0.6609429428005953,2400,1850,550,0.0,-0.3927900087780618,0.7813333333333333,300,113,62,0.7403391946956202,0.5876218212342079,0.6548398419637753,0.15271737346141223
0.1,True,0.4,0,110,0.2313894374237996,0.4699499122182254,846.7624183472174,0.6660048317418878,2400,1876,524,0.0,-0.42242283504537037,0.7821733333333333,300,121,55,0.7438313614164356,0.5990352677725863,0.6593688010028852,0.14479609364384927
0.1,True,0.4,1,111,0.2351331661473909,0.46781234454204074,768.6605962156061,0.6522020275420676,2400,1822,578,0.0,-0.33927491145404864,0.7832666666666667,300,104,54,0.7374000053900782,0.5738791948995414,0.6456054763248023,0.1635208104905368
0.1,True,0.4,2,112,0.23358580128895545,0.46829415005804054,781.8299085929276,0.6548040929472116,2400,1828,572,0.0,-0.4170049125153764,0.78624,300,108,57,0.7406322454719774,0.5788134874706139,0.6477705431724715,0.16181875800136347
0.1,True,0.4,3,113,0.23089856734254013,0.47154090113270575,822.2382717434582,0.6612364515233534,2400,1851,549,0.0,-0.36512293670451257,0.7930166666666667,300,123,42,0.7411974519976713,0.5887195939234608,0.6549131657751421,0.15247785807421044
0.1,True,0.4,4,114,0.23254188794328318,0.46851407123710215,823.0767081311977,0.6622376602247176,2400,1861,539,0.0,-0.4008326904820389,0.7865833333333333,300,122,61,0.7443360723575777,0.5908981217496527,0.6553299162614875,0.15343795060792498
0.1,True,0.4,5,115,0.233521383100692,0.4692273462554684,809.3528362943523,0.6593383728376427,2400,1852,548,0.0,-0.36415007219154544,0.78575,300,115,48,0.7409317109736542,0.5863941046376582,0.652745607637105,0.154537606335996
0.1,True,0.4,6,116,0.23621567273704203,0.46658198628411424,692.7945552767812,0.6391680550929092,2400,1759,641,0.0,-0.40393277299455677,0.7851266666666668,300,127,59,0.7310215740048005,0.5550256917728013,0.6320163330865453,0.17599588223199925
0.1,True,0.4,7,117,0.23416800871160806,0.4690946610908354,741.9899720144356,0.647385589362956,2400,1794,606,0.0,-0.3846273805085868,0.78491,300,117,58,0.7282999129690465,0.5703307774625306,0.6414766995617945,0.15796913550651592
0.1,True,0.4,8,118,0.23530619321840066,0.4672943141547184,789.4475862129091,0.6562425847048585,2400,1843,557,0.0,-0.413142857449604,0.78969,300,105,62,0.7419647818178885,0.5730523289186465,0.6501901793870808,0.16891245289924195
0.1,True,0.4,9,119,0.23362058329238905,0.4700107532353159,771.7583674505154,0.6524018090480468,2400,1818,582,0.0,-0.4613091764582769,0.7806433333333334,300,111,56,0.7407575118060846,0.5717372090957549,0.6454859484900781,0.16902030271032975
0.1,False,0.0,0,120,0.23282974332924464,0.4711054058549068,976.8002282495692,0.6615641281916137,2400,1862,538,0.0,-0.39232723374189243,0.7914599999999999,300,115,61,0.7390219272109542,0.5969256238993118,0.6546910356267193,0.14209630331164236
0.1,False,0.0,1,121,0.22813509178157118,0.4728775835442577,988.8724024880157,0.6634971286562031,2400,1850,550,0.0,-0.41158140051856457,0.7862966666666668,300,116,60,0.7444141342212518,0.5783401406342231,0.6586679926127906,0.16607399358702868
0.1,False,0.0,2,122,0.23526721784939267,0.4661021149171215,943.4294590898658,0.6561698312178278,2400,1841,559,0.0,-0.2960252667485288,0.79396,300,119,63,0.742236465119352,0.5845145010506249,0.6485105484598167,0.15772196406872718
0.1,False,0.0,3,123,0.23715037464248043,0.4644711141135259,944.9403166785104,0.6573759765275731,2400,1855,545,0.0,-0.35662896027850377,0.79186,300,117,49,0.7450418695191484,0.5828197051048696,0.6497836341189518,0.16222216441427884
0.1,False,0.0,4,124,0.2314888147280399,0.4714783929628758,930.1606321234917,0.6502486883704388,2400,1798,602,0.0,-0.4276943983930491,0.78579,300,117,57,0.7325551736708877,0.5783127336096696,0.6433788519451181,0.15424244006121812
0.1,False,0.0,5,125,0.23305220353370754,0.46912647048300316,967.4845493850572,0.6602215244314092,2400,1854,546,0.0,-0.3939713454810255,0.79812,300,116,54,0.7353849283172622,0.5901635777366961,0.6545299032135338,0.14522135058056607
0.1,False,0.0,6,126,0.2295745126824142,0.4733080787742504,988.8216954460614,0.6629451110959331,2400,1855,545,0.0,-0.3359329912042051,0.7941433333333333,300,112,49,0.7418275027621102,0.5817850247741395,0.6579899776056036,0.16004247798797067
0.1,False,0.0,7,127,0.23326407848866915,0.4694758433264122,921.8539337126768,0.6491713457450085,2400,1799,601,0.0,-0.4043080164613391,0.7919999999999999,300,115,47,0.7337941946414785,0.5668849047865592,0.6432183014268411,0.16690928985491937
0.1,False,0.0,8,128,0.2319144591447827,0.47032313343119625,920.6711552335343,0.6485450777747883,2400,1790,610,0.0,-0.3292009689751765,0.7975266666666667,300,113,64,0.7278904710643311,0.5770784845359096,0.6422048782153968,0.15081198652842154
0.1,False,0.0,9,129,0.23172448614410418,0.4707107503082779,957.1052006164626,0.65687396961627,2400,1832,568,0.0,-0.39017510778725223,0.78276,300,115,61,0.7362731856028433,0.582109001377263,0.650962788850823,0.15416418422558031
0.1,False,0.1,0,130,0.23395676167622537,0.4682490770024065,922.3595198390309,0.6589312619594742,2400,1851,549,0.0,-0.42054951203744434,0.78684,300,115,46,0.7379384449099825,0.5892062240017222,0.6524264970970728,0.14873222090826033
0.1,False,0.1,1,131,0.23333845530138375,0.46884873888281586,900.7726411800365,0.6539424937255393,2400,1823,577,0.0,-0.38617333196007325,0.78966,300,126,56,0.733421637268753,0.5800972665281633,0.6478926953098799,0.1533243707405897
0.1,False,0.1,2,132,0.23491130653286268,0.466665692746805,900.816773698038,0.6552278116329937,2400,1835,565,0.0,-0.40374517663393455,0.78894,300,115,63,0.7373931494421708,0.5849865083269665,0.6481602511786285,0.1524066411152043
0.1,False,0.1,3,133,0.2325177298196179,0.4712992405403413,936.1887313319047,0.6610471916916884,2400,1858,542,0.0,-0.4137857461653564,0.7838533333333334,300,118,54,0.7421328199748143,0.5806034157013475,0.6555559028337753,0.16152940427346674
0.1,False,0.1,4,134,0.23245246087386298,0.47050543788453897,907.9901035148177,0.6552143658312033,2400,1827,573,0.0,-0.39976904925262424,0.79169,300,123,56,0.7355847992274822,0.5799358091514438,0.6491774200425822,0.15564899007603838
0.1,False,0.1,5,135,0.23189442852052822,0.470412591931742,905.0368801436144,0.6548145389225772,2400,1822,578,0.0,-0.2917869045114005,0.7799,300,127,55,0.7393061178779549,0.570323295958094,0.6491817221934328,0.16898282191986091
0.1,False,0.1,6,136,0.23206407579752514,0.4707067349171152,953.7680119257981,0.6653610815517869,2400,1877,523,0.0,-0.37402763774015624,0.79037,300,108,49,0.7436082486908042,0.5952657238924015,0.6590576958119014,0.1483425247984027
0.1,False,0.1,7,137,0.23308348243903435,0.4684264114148685,924.6950537792341,0.6597639759498145,2400,1851,549,0.0,-0.3833535902515205,0.7878833333333334,300,128,56,0.7419519461590711,0.5834777118278692,0.6534978837908892,0.1584742343312019
0.1,False,0.1,8,138,0.23287179184137458,0.4709429295469532,915.1991336325267,0.656652845935736,2400,1837,563,0.0,-0.38681846731212477,0.7735633333333333,300,123,53,0.7444998806205239,0.5705993760368293,0.6505572349852993,0.17390050458369455
0.1,False,0.1,9,139,0.23407752028835327,0.46795875768679074,912.2886741648106,0.656927085733765,2400,1841,559,0.0,-0.36566047631899196,0.7907733333333333,300,123,37,0.7371240962535287,0.5844237743602764,0.6505547918129442,0.15270032189325233
0.1,False,0.2,0,140,0.23028990605329758,0.4729036983331474,911.381575539527,0.6633067618217442,2400,1860,540,0.0,-0.37155985355934334,0.79449,300,122,66,0.738840382575285,0.5934729499681524,0.6575112125848483,0.14536743260713259
0.1,False,0.2,1,141,0.23334817023999022,0.46911894330345,841.9477051972536,0.650153958839653,2400,1804,596,0.0,-0.35282444366424454,0.79195,300,113,58,0.7259874455316779,0.5733324843915389,0.6452301247609965,0.152654961140139
0.1,False,0.2,2,142,0.2296211479902388,0.4727758803445515,899.2424470104257,0.6608524397299401,2400,1844,556,0.0,-0.37596411591225926,0.7854766666666667,300,125,63,0.7396068276014545,0.5883786930753341,0.6547647283762513,0.15122813452612038
0.1,False,0.2,3,143,0.23204195921341403,0.47100588653404724,861.6048063383691,0.6537391133020795,2400,1818,582,0.0,-0.3157112898591849,0.78937,300,111,53,0.7337566812312927,0.5699088158681739,0.6489129727074243,0.1638478653631188
0.1,False,0.2,4,144,0.2297857263886542,0.4732128629001585,854.7281947697053,0.6519110578863062,2400,1800,600,0.0,-0.35806369842528396,0.7794966666666666,300,112,60,0.7311828588599376,0.5733303322838691,0.6465341277719049,0.15785252657606852
0.1,False,0.2,5,145,0.23398390211432457,0.46970232138576445,904.796613863567,0.6634644243831169,2400,1876,524,0.0,-0.38811620670496105,0.7823833333333333,300,116,58,0.7494180887954143,0.5862914404466001,0.6565634226921929,0.16312664834881418
0.1,False,0.2,6,146,0.2315876884586503,0.4706475615382004,878.4468180497024,0.6576140314292317,2400,1835,565,0.0,-0.3613010122195318,0.7890266666666667,300,101,58,0.7444852427748759,0.5723427279047385,0.6516092962967018,0.17214251487013743
0.1,False,0.2,7,147,0.23219538999228193,0.47135051521331434,813.4070851571385,0.6440750997642231,2400,1770,630,0.0,-0.36943018833316327,0.7870633333333333,300,137,70,0.7293528462377236,0.5621419368721143,0.6379439721884708,0.16721090936560923
0.1,False,0.2,8,148,0.2343514186224196,0.4665224978722358,883.8667003162677,0.6595147131116468,2400,1854,546,0.0,-0.5314456488063691,0.7893166666666667,300,105,48,0.7365787430022972,0.5907247878225281,0.653273897172066,0.14585395517976907
0.1,False,0.2,9,149,0.23341899214738887,0.4700630034979521,879.3715382853384,0.6578789382937097,2400,1845,555,0.0,-0.38150462893108483,0.7923366666666667,300,123,58,0.7357929323690984,0.5903615569770447,0.6512984569875206,0.14543137539205364
0.1,False,0.4,0,150,0.23482835323027193,0.46760206346232125,786.3831203723535,0.6556748302423011,2400,1838,562,0.0,-0.34733102130011406,0.7912533333333334,300,116,58,0.7410645187844951,0.5736895775603477,0.6495282595581229,0.16737494122414742
0.1,False,0.4,1,151,0.23041599512589828,0.47298607961304523,824.8376892638289,0.6613884391626176,2400,1851,549,0.0,-0.3922898456192952,0.7852966666666666,300,126,55,0.7404653970756132,0.5772855733566383,0.6567867630208157,0.16317982371897488
0.1,False,0.4,2,152,0.2316580581934567,0.47147074603465755,785.3831722891953,0.6547960704698633,2400,1822,578,0.0,-0.3942820040280039,0.7881333333333334,300,104,44,0.7414097803654316,0.5719769935950675,0.6485158720740557,0.1694327867703641
0.1,False,0.4,3,153,0.23130748174699511,0.4729457137108638,796.5644429131016,0.6563679112466747,2400,1830,570,0.0,-0.37148838571968096,0.7847766666666667,300,103,56,0.7395552597506793,0.5825308787727043,0.6495753792090699,0.157024380977975
0.1,False,0.4,4,154,0.23352429612216596,0.4701710735823059,797.8406628541255,0.6573568338839405,2400,1843,557,0.0,-0.36261013982317414,0.7864533333333333,300,114,65,0.7395542395384926,0.5810064176681121,0.6510974082484738,0.15854782187038052
0.1,False,0.4,5,155,0.23507986267506442,0.46633583608502155,797.97779895114,0.6574685884270118,2400,1847,553,0.0,-0.3947766067587591,0.7927066666666667,300,103,56,0.7373218037491571,0.5848382219019569,0.6511819942325902,0.15248358184720023
0.1,False,0.4,6,156,0.23301218217762443,0.4684355076304773,780.1139088516808,0.6547584774525737,2400,1825,575,0.0,-0.3992979270543369,0.7925,300,118,49,0.7420076198427341,0.5747433306225798,0.6479773352185408,0.16726428922015435
0.1,False,0.4,7,157,0.2343008631868536,0.4684750405617105,776.8415244140895,0.6534603250119033,2400,1825,575,0.0,-0.38967091382495983,0.7998766666666667,300,115,44,0.7286671921024923,0.587417842050073,0.6472246159886962,0.14124935005241934
0.1,False,0.4,8,158,0.2366832739973186,0.4651349589689647,805.338479776211,0.6594365851662793,2400,1864,536,0.0,-0.38754348672863637,0.7789566666666667,300,107,61,0.7413306274576933,0.595191215211949,0.6516238260352405,0.14613941224574434
0.1,False,0.4,9,159,0.23284140833797717,0.4710129131419044,751.7750249973968,0.6488165972351193,2400,1797,603,0.0,-0.42466178431017143,0.7950766666666667,300,98,77,0.734715032579418,0.5640484699877137,0.6429393271325804,0.1706665625917042
0.2,True,0.0,0,160,0.23317633316889091,0.4696924921202605,950.4366510017561,0.6558588155676975,2400,1833,567,0.0,-0.45572955333485404,0.78832,300,109,107,0.7444937486180393,0.5789199924930377,0.6483903387009172,0.16557375612500158
0.2,True,0.0,1,161,0.2356819759256228,0.46740921986129685,971.442473363862,0.6618775033881097,2400,1874,526,0.0,-0.37969317410451703,0.7932666666666667,300,96,109,0.7368485781081883,0.6023083170279612,0.6548258466254471,0.1345402610802271
0.2,True,0.0,2,162,0.23019359120323715,0.4736152382862014,983.9167153101147,0.6624536214518906,2400,1856,544,0.0,-0.3441720616120484,0.7830033333333334,300,114,130,0.743731261277573,0.5824796256014405,0.6568612929334807,0.16125163567613254
0.2,True,0.0,3,163,0.23366875165491477,0.46904443840357307,943.9606011162657,0.6543468886762321,2400,1827,573,0.0,-0.34768112763046366,0.7923766666666666,300,113,100,0.7346236462683624,0.5817923918605967,0.6479654700665575,0.15283125440776568
0.2,True,0.0,4,164,0.23421815859050266,0.4688689945734844,932.048749576216,0.6522764723064995,2400,1819,581,0.0,-0.36345758400757217,0.79887,300,118,123,0.7308092579976582,0.5840018337269306,0.6456732003122104,0.14680742427072757
0.2,True,0.0,5,165,0.23113714256027426,0.469624715827678,1001.8985127922498,0.6676978665718468,2400,1883,517,0.0,-0.38689310162222057,0.7954066666666666,300,107,108,0.7459743330332691,0.593502591787548,0.6619352765841355,0.15247174124572105
0.2,True,0.0,6,166,0.23444732978549862,0.46849367146925064,938.6455660806604,0.6533093947583268,2400,1825,575,0.0,-0.3354697743631499,0.7943266666666666,300,113,113,0.7364432471386044,0.5749864901770266,0.6471256782264446,0.1614567569615778
0.2,True,0.0,7,167,0.23092484231500315,0.47098741708402103,933.2303733202169,0.6513283034139916,2400,1800,600,0.0,-0.38011937998385886,0.7945933333333333,300,121,123,0.7387440753638023,0.567297414949481,0.6450492674859641,0.17144666041432122
0.2,True,0.0,8,168,0.23384726288780663,0.46999830719280067,952.2174698883045,0.6564864654338732,2400,1840,560,0.0,-0.4056161744856621,0.79386,300,103,125,0.7428927615051891,0.5785165543749162,0.6496011943608043,0.1643762071302729
0.2,True,0.0,9,169,0.23279823472888705,0.4711132825554821,962.3856098726287,0.6582568186801577,2400,1845,555,0.0,-0.33421231124624917,0.7951133333333333,300,102,114,0.739290072703518,0.5926678821584784,0.6507953594117095,0.14662219054503955
0.2,True,0.1,0,170,0.23171173791124094,0.47024960760489815,907.0852871302963,0.6550364815905795,2400,1822,578,0.0,-0.39866062177990896,0.7879166666666667,300,117,132,0.7369947944288336,0.5725964010402639,0.6496368297629707,0.16439839338856976
0.2,True,0.1,1,171,0.23061826783652192,0.47077457789620814,908.0123690827676,0.6552188970236477,2400,1818,582,0.0,-0.38791648410859464,0.79003,300,117,117,0.7406940224034516,0.5736923209506016,0.6489940820907596,0.16700170145284998
0.2,True,0.1,2,172,0.23311581409321078,0.46853589563622217,927.4164178459326,0.6599018230698518,2400,1852,548,0.0,-0.32538826440451757,0.7895133333333334,300,121,102,0.7391265244382482,0.5974002182656548,0.6523904301033988,0.1417263061725934
0.2,True,0.1,3,173,0.2316073766197481,0.4707580516544415,937.4716109441702,0.6612951666288664,2400,1854,546,0.0,-0.3646461931355737,0.7896433333333334,300,102,111,0.7367938636736207,0.5899447513230043,0.6557088159273639,0.14684911235061637
0.2,True,0.1,4,174,0.2325264115239293,0.4717137091484264,904.5802844828878,0.6538692035228247,2400,1822,578,0.0,-0.4411778593744743,0.7847,300,106,107,0.7326081588195701,0.579202978854596,0.6480769090859061,0.15340517996497405
0.2,True,0.1,5,175,0.23226124122267902,0.4712187178777547,915.9298852209222,0.6570023600760486,2400,1836,564,0.0,-0.3415619796625143,0.79016,300,100,125,0.7406243794203624,0.5809866162548606,0.6504133887166776,0.15963776316550182
0.2,True,0.1,6,176,0.23214776636782963,0.4706545354508286,898.1775288918949,0.6525418724467174,2400,1812,588,0.0,-0.2747088855686769,0.7924,300,121,108,0.7342373827284459,0.5780127089565334,0.6461399921890629,0.1562246737719124
0.2,True,0.1,7,177,0.23092632774697838,0.4723906884553103,894.7646181261902,0.6521569768603324,2400,1806,594,0.0,-0.44565070246511285,0.7878933333333333,300,106,127,0.7382981983929625,0.571330441680833,0.6457056039110729,0.1669677567121295
0.2,True,0.1,8,178,0.23358166210375933,0.47003958787044925,904.1877487673438,0.6541963862921709,2400,1827,573,0.0,-0.394161564912335,0.77755,300,117,118,0.7379176659178924,0.5855503995823691,0.6466049285950002,0.15236726633552333
0.2,True,0.1,9,179,0.23173035670894412,0.47195416276323915,914.6980545498208,0.6563771772026046,2400,1831,569,0.0,-0.42289917916305336,0.7860233333333333,300,119,101,0.743393985426445,0.577906821568808,0.6494365296423428,0.16548716385763695
0.2,True,0.2,0,180,0.23150538804165577,0.4702363197788813,898.262970558824,0.6617117810085567,2400,1855,545,0.0,-0.3742755713712394,0.78801,300,116,111,0.7386747221286742,0.5939228420900103,0.6553577179736726,0.1447518800386639
0.2,True,0.2,1,181,0.23318537692458152,0.46970839704613104,882.6222535056164,0.6581945562585007,2400,1845,555,0.0,-0.40193420872331204,0.7866366666666667,300,108,102,0.7375086638952033,0.5829232101270235,0.6523679142153571,0.15458545376817978
0.2,True,0.2,2,182,0.23408794158467128,0.46857278373547745,857.2629716138015,0.6532593516589243,2400,1823,577,0.0,-0.39382258278764243,0.7883600000000001,300,122,111,0.7289299089350239,0.5856555528680986,0.6471390800424812,0.1432743560669253
0.2,True,0.2,3,183,0.23526727906985284,0.4654939285815356,846.581526585936,0.652238354856276,2400,1820,580,0.0,-0.3734698571576504,0.78433,300,112,118,0.7440778789082639,0.5710543089699206,0.6446949894973926,0.17302356993834334
0.2,True,0.2,4,184,0.23224580360759792,0.47076430641328687,877.1527984120952,0.6571245843852797,2400,1836,564,0.0,-0.3498612580074702,0.79136,300,108,108,0.7358443042797244,0.5795368813345424,0.6517256674798225,0.15630742294518196
0.2,True,0.2,5,185,0.23073993485650857,0.47268673008717677,853.837313182943,0.6518761938385091,2400,1804,596,0.0,-0.4669290752398117,0.78986,300,110,110,0.7327510240418671,0.5692621261971371,0.6467164368166872,0.16348889784472997
0.2,True,0.2,6,186,0.23507347808219856,0.46783272600195036,901.0124434086301,0.6625881131048748,2400,1875,525,0.0,-0.4109400688392882,0.79074,300,113,103,0.7449494875218878,0.5925653467040626,0.6554522070749138,0.15238414081782525
0.2,True,0.2,7,187,0.23228632520437137,0.46956544334652295,872.4977057045351,0.6565831865369516,2400,1832,568,0.0,-0.4135243355593492,0.78447,300,114,107,0.7440600435498121,0.5742909763796257,0.650060109822023,0.16976906717018647
0.2,True,0.2,8,188,0.2358847941532123,0.46775649342345016,819.112037736183,0.6460066912573665,2400,1794,606,0.0,-0.40178720431293913,0.7869633333333333,300,109,116,0.7289760893584419,0.5817700486044828,0.6379776973242025,0.14720604075395916
0.2,True,0.2,9,189,0.23500994722587584,0.4664342974297093,892.4069409701042,0.6612084215960138,2400,1866,534,0.0,-0.41576810346778564,0.7914566666666667,300,135,106,0.7416370618037511,0.6010681233761049,0.6531413999837876,0.14056893842764617
0.2,True,0.4,0,190,0.2328629470283338,0.46928730445066297,791.1772594420447,0.6562679272951971,2400,1833,567,0.0,-0.44111029388137524,0.7768999999999999,300,115,110,0.7366663181542306,0.582140422831283,0.6500719163852455,0.15452589532294758
0.2,True,0.4,1,191,0.23233896863868683,0.470403674180824,796.9683827170134,0.6569201663979108,2400,1835,565,0.0,-0.39797137437525826,0.78387,300,114,111,0.7382064260618435,0.5823117841384781,0.650610698766382,0.15589464192336544
0.2,True,0.4,2,192,0.22902907374465184,0.4741001015626995,773.6049697134305,0.6524459008646732,2400,1800,600,0.0,-0.3855010446022847,0.7849633333333333,300,107,127,0.7456618321536109,0.5528459642971538,0.6470827061492217,0.1928158678564571
0.2,True,0.4,3,193,0.22853136007396294,0.474771701077508,781.8307193326746,0.6537648223672382,2400,1805,595,0.0,-0.3356096313318911,0.7956033333333333,300,122,122,0.7466330236074991,0.561779640919962,0.6474558729788229,0.18485338268753704
0.2,True,0.4,4,194,0.23475181181978974,0.4687171565347376,785.5356507313119,0.6550996563945469,2400,1836,564,0.0,-0.34474092259995537,0.79214,300,110,130,0.7371974575980943,0.5842423929991788,0.6481277312732199,0.1529550645989155
0.2,True,0.4,5,195,0.23369749426698017,0.46774877837835394,807.5955358670255,0.6594998680032956,2400,1852,548,0.0,-0.31014923528438476,0.7951133333333333,300,117,111,0.7399623665887909,0.5904706968622657,0.6526112577716673,0.14949166972652517
0.2,True,0.4,6,196,0.23311554702996626,0.47054503678493015,745.6201088645785,0.6478757707498451,2400,1793,607,0.0,-0.37979260593274716,0.7901133333333333,300,110,128,0.7296720584109213,0.574901725173897,0.6412463859610896,0.15477033323702427
0.2,True,0.4,7,197,0.22870138494339554,0.4732843367320974,809.0713171206445,0.6584991814687879,2400,1828,572,0.0,-0.37385576741705995,0.79669,300,112,127,0.7393447905250549,0.578783388747522,0.65295883202037,0.16056140177753286
0.2,True,0.4,8,198,0.2319607643320546,0.4705778056550779,786.6437387056214,0.6551005623107267,2400,1824,576,0.0,-0.31134612621989866,0.7896133333333334,300,128,122,0.7403920458610359,0.5706565231728966,0.6493014708190422,0.1697355226881393
0.2,True,0.4,9,199,0.2306382164807882,0.4715693681727741,808.0321049437191,0.6589359564720872,2400,1838,562,0.0,-0.35962108376832486,0.7842399999999999,300,117,112,0.7439517514232986,0.5809761594940764,0.6523274370789129,0.16297559192922217
0.2,False,0.0,0,200,0.23318054639643065,0.47068149011312277,973.8863055110645,0.661308352903211,2400,1862,538,0.0,-0.3741357919200826,0.7956866666666667,300,117,102,0.7415154137042783,0.5905468884557633,0.6547018026693239,0.150968525248515
0.2,False,0.0,1,201,0.23076134585184288,0.47135893184545097,979.84392211659,0.6622008967082527,2400,1855,545,0.0,-0.3455115794349917,0.7898166666666666,300,115,99,0.7418746728869138,0.5848465332731982,0.6565800565971943,0.15702813961371553
0.2,False,0.0,2,202,0.2331443987459604,0.4711312066331333,941.3555835697196,0.6533915023232267,2400,1822,578,0.0,-0.43034710038328994,0.78905,300,109,101,0.7356916761166648,0.577752983298447,0.6470166034345096,0.1579386928182177
0.2,False,0.0,3,203,0.23202435099435784,0.4693222279074944,982.9037114459181,0.6635514532962247,2400,1866,534,0.0,-0.33230493607424333,0.78854,300,121,107,0.7440244909319043,0.5984498030834887,0.6561370657974536,0.14557468784841554
0.2,False,0.0,4,204,0.23336041411451994,0.46934232362501815,926.9309500778933,0.6508684793913089,2400,1808,592,0.0,-0.39933476675653323,0.79071,300,111,128,0.7432253909018934,0.5609032580304804,0.6443924599373024,0.18232213287141308
0.2,False,0.0,5,205,0.23344292129994887,0.46789789064518916,959.7499486660535,0.6587456063972221,2400,1847,553,0.0,-0.4153098902006315,0.7940833333333334,300,106,111,0.7386906250424905,0.5848923655481767,0.6526037014480411,0.1537982594943138
0.2,False,0.0,6,206,0.23381338793444337,0.46848743789348357,960.3925728787995,0.6588249075482999,2400,1850,550,0.0,-0.40701612459197917,0.7958533333333333,300,124,115,0.743717081848679,0.5818934128001513,0.6521040053213106,0.16182366904852774
0.2,False,0.0,7,207,0.23018763638482972,0.4732833910429804,976.3366812725396,0.6605627808494157,2400,1846,554,0.0,-0.41792125053307755,0.7961566666666667,300,117,116,0.7408309872644694,0.586678877441344,0.6543603266874811,0.15415210982312544
0.2,False,0.0,8,208,0.23296310338423432,0.46834521239999033,977.1892196598137,0.6626349430182679,2400,1865,535,0.0,-0.4546377156621461,0.7873033333333334,300,108,103,0.7417721618917783,0.5897087097736129,0.6565309970095198,0.1520634521181654
0.2,False,0.0,9,209,0.2344202154458866,0.4672080652967228,935.4428994183796,0.6538391889373139,2400,1826,574,0.0,-0.43145525577573846,0.7983633333333333,300,118,119,0.7376832173409026,0.5820231338745714,0.6466458572649617,0.1556600834663312
0.2,False,0.1,0,210,0.23065723085677955,0.47154337271647434,935.6202340646237,0.6606913170131329,2400,1847,553,0.0,-0.39124309198701657,0.7893366666666666,300,121,112,0.7441052962441945,0.5802343593589192,0.6547361155208157,0.16387093688527532
0.2,False,0.1,1,211,0.23377705833096857,0.4696577905510929,896.6094926647002,0.6531136904446432,2400,1822,578,0.0,-0.39392675304307745,0.7982566666666667,300,121,118,0.7389142523684684,0.5793064660959668,0.6457945413063683,0.1596077862725016
0.2,False,0.1,2,212,0.23313407054263136,0.46970562108311703,922.0729128075467,0.6586379259328003,2400,1847,553,0.0,-0.4046813732293665,0.7809533333333334,300,103,106,0.7458823828016105,0.5752817381825311,0.652303192925741,0.1706006446190793
0.2,False,0.1,3,213,0.2333840333346656,0.4709897072118653,925.7518210684074,0.6588770711406203,2400,1851,549,0.0,-0.37603858472179774,0.77889,300,108,112,0.7382389447001684,0.5885678196381966,0.6523792632957005,0.14967112506197178
0.2,False,0.1,4,214,0.23191949166138867,0.4706673754752036,889.0335618752234,0.6510019986891544,2400,1803,597,0.0,-0.34728559403667225,0.78726,300,107,122,0.7357832780182335,0.5724376282517548,0.6445209922149918,0.1633456497664787
0.2,False,0.1,5,215,0.23210091598655122,0.47045271231439734,942.9318788438457,0.6628313115965667,2400,1864,536,0.0,-0.3438395390548326,0.7920233333333333,300,111,107,0.7393259919263807,0.5947303233241127,0.6566125073002644,0.14459566860226802
0.2,False,0.1,6,216,0.23278868470493783,0.47041390520006193,892.7413585225677,0.651959908521047,2400,1812,588,0.0,-0.44922651887891324,0.7831400000000001,300,119,107,0.7354772584028079,0.5722040611872957,0.6458905515225283,0.16327319721551214
0.2,False,0.1,7,217,0.23266707539119358,0.4690135998887839,912.3789730040908,0.6565284616350813,2400,1833,567,0.0,-0.384797083836002,0.7938,300,108,122,0.7369809563142059,0.5938976694237282,0.6487887349941034,0.14308328689047767
0.2,False,0.1,8,218,0.23588612314700313,0.4663356864810196,901.654760141856,0.6551079101380585,2400,1839,561,0.0,-0.36356902742390573,0.79121,300,121,105,0.7437697922498111,0.5782124311158585,0.6476282642520014,0.16555736113395259
0.2,False,0.1,9,219,0.22971412047084142,0.4736893307951642,946.1545889428793,0.6619294451097647,2400,1851,549,0.0,-0.3782430820520448,0.7806866666666666,300,107,112,0.7384787279637742,0.5893655861929538,0.656294769727871,0.14911314177082047
0.2,False,0.2,0,220,0.2288969913573101,0.4751931703740972,910.9498832145631,0.6626005680739377,2400,1852,548,0.0,-0.38517649989131997,0.7918566666666667,300,116,104,0.7445133124734484,0.5828749674182487,0.6568480992814608,0.1616383450551997
0.2,False,0.2,1,221,0.23434935009325628,0.46950095545779286,877.7492119466741,0.6570785539571292,2400,1845,555,0.0,-0.3098475735493377,0.7861833333333333,300,127,111,0.7326136737133473,0.5928931086284198,0.6505295893830466,0.13972056508492747
0.2,False,0.2,2,222,0.2330323387302254,0.4679148343068637,871.6222637896002,0.6570076752076617,2400,1836,564,0.0,-0.4112267852569584,0.7883933333333334,300,136,110,0.7364268364139702,0.5856617185469379,0.6506366371878298,0.15076511786703228
0.2,False,0.2,3,223,0.23329486596323742,0.469472984714696,851.8377107597772,0.6524667077561865,2400,1816,584,0.0,-0.39066460629521965,0.79609,300,129,103,0.7351676321199893,0.5714226150953847,0.6467324019048664,0.16374501702460453
0.2,False,0.2,4,224,0.23364015983692887,0.4680290388631528,885.2141051553108,0.6592981975231249,2400,1851,549,0.0,-0.4085146186716339,0.7994066666666667,300,114,116,0.7330910025947623,0.6006027541356435,0.6523656956271283,0.13248824845911888
0.2,False,0.2,5,225,0.23217221976359062,0.4712251493515222,860.713627093666,0.653752025330895,2400,1819,581,0.0,-0.4015215680452264,0.7882600000000001,300,112,125,0.7343584176909229,0.5742141738646572,0.6482357937210546,0.1601442438262657
0.2,False,0.2,6,226,0.23135926558860506,0.4712073186381683,897.8304659483013,0.6612447330384458,2400,1853,547,0.0,-0.4213863541144495,0.7917066666666667,300,103,122,0.745299486295518,0.5837115367812529,0.6547715418879904,0.16158794951426514
0.2,False,0.2,7,227,0.23056076477782408,0.47351995168713085,886.0923505990002,0.6577674466159609,2400,1834,566,0.0,-0.3970488919210228,0.78959,300,110,124,0.7307908798017502,0.5941057978061978,0.6516509798201048,0.1366850819955524
0.2,False,0.2,8,228,0.2324478960256109,0.4707435595132331,813.2699116000712,0.6443742059017598,2400,1772,628,0.0,-0.38190781654757533,0.7878666666666666,300,119,130,0.7313876357465088,0.5543747135283106,0.63897145224927,0.1770129222181982
0.2,False,0.2,9,229,0.2345305379518481,0.4681547910029963,858.2461065253532,0.654087634688689,2400,1829,571,0.0,-0.34338917302979277,0.78756,300,115,113,0.7382315118485672,0.580158092495589,0.6471161315491267,0.15807341935297814
0.2,False,0.4,0,230,0.23675534791876118,0.46647351635819534,740.730204527098,0.6475980928174362,2400,1805,595,0.0,-0.46816106694869314,0.7868466666666667,300,113,118,0.7288752754148511,0.5817492037790737,0.6401225081697349,0.1471260716357774
0.2,False,0.4,1,231,0.2324910975184458,0.4692309958594114,804.062899780122,0.6586082088591824,2400,1843,557,0.0,-0.4305839762959282,0.78493,300,107,112,0.736743478642812,0.586641336281649,0.6525767379127944,0.15010214236116293
0.2,False,0.4,2,232,0.23159785410658715,0.47074368395030936,835.3022397522144,0.663857819416115,2400,1867,533,0.0,-0.389016608644135,0.7853633333333334,300,129,106,0.7410087117117846,0.5941353337491998,0.6577239723792364,0.14687337796258482
0.2,False,0.4,3,233,0.23192354886342215,0.47117090205168466,774.1095408446624,0.6528359013431032,2400,1813,587,0.0,-0.42641787653162905,0.79401,300,120,134,0.732475951950731,0.5709272311143666,0.647829047252076,0.1615487208363644
0.2,False,0.4,4,234,0.2342277882585634,0.46962718427077094,764.2355639012751,0.6514962635688824,2400,1816,584,0.0,-0.3825445571685586,0.7923133333333333,300,111,118,0.7419659428685172,0.5713504426338781,0.6440884371669559,0.17061550023463912
0.2,False,0.4,5,235,0.23268250749420702,0.4686105693272952,820.694455883031,0.6612943511954924,2400,1857,543,0.0,-0.3974465089980183,0.78588,300,114,111,0.7368323188387396,0.5984458853274045,0.6545665531159214,0.13838643351133506
0.2,False,0.4,6,236,0.231924936090134,0.4708881296281175,792.6331365445684,0.6560429297358431,2400,1829,571,0.0,-0.33189238473879773,0.79057,300,129,134,0.7412124778204744,0.5753104995082523,0.6497733441492621,0.1659019783122221
0.2,False,0.4,7,237,0.235382210776615,0.46798641027585525,766.8368689305089,0.6519110620819498,2400,1822,578,0.0,-0.36467402613961475,0.7954766666666667,300,116,115,0.7388375463175625,0.5717277595839884,0.6452168722345555,0.16710978673357413
0.2,False,0.4,8,238,0.23235618808342043,0.47127559995275753,810.5996201183483,0.6586613294275043,2400,1845,555,0.0,-0.4170782079336948,0.7864166666666667,300,107,127,0.7400432512378314,0.5791010738095216,0.6529929791478366,0.16094217742830985
0.2,False,0.4,9,239,0.23364389497051216,0.4679554728700093,813.203370432274,0.660286197845619,2400,1856,544,0.0,-0.32917829195784876,0.7961566666666667,300,103,112,0.7370187895557135,0.5942355079040754,0.6537464381624726,0.14278328165163812
0.4,True,0.0,0,240,0.2335556463846871,0.4699338533657786,935.8780552533209,0.6518979768574044,2400,1815,585,0.0,-0.41665834926966344,0.7885866666666667,300,102,247,0.7322819512830147,0.5869525010568064,0.6444805787456953,0.14532945022620825
0.4,True,0.0,1,241,0.23267635124911434,0.46928360005936587,964.2588560825856,0.6595839555705896,2400,1849,551,0.0,-0.4411641116096497,0.7821533333333333,300,99,232,0.739089199303983,0.585668482678314,0.6535383032095476,0.15342071662566903
0.4,True,0.0,2,242,0.2345123207980148,0.46944567748296917,926.0597429706834,0.6506690905842756,2400,1813,587,0.0,-0.34429526880992045,0.7958133333333334,300,108,231,0.7388309826152255,0.5714723532911613,0.6435962771505008,0.1673586293240642
0.4,True,0.0,3,243,0.23217122832182363,0.4696215706149541,949.0782671349483,0.6562936486571248,2400,1830,570,0.0,-0.4215277140959658,0.7793066666666667,300,114,226,0.7396613894205616,0.5735745066972127,0.6506493194324257,0.16608688272334893
0.4,True,0.0,4,244,0.23398749346432374,0.4686431377913665,934.9841704801714,0.6523665456212699,2400,1818,582,0.0,-0.3364272570394434,0.7821433333333333,300,102,221,0.7334174379471623,0.5846075419952907,0.6451909009728887,0.14880989595187155
0.4,True,0.0,5,245,0.23534750042296315,0.4666654249880783,944.2221624961268,0.6561527882673086,2400,1842,558,0.0,-0.37819486525590457,0.7874966666666666,300,118,205,0.7352595351724828,0.5945670827138566,0.6485428662934009,0.14069245245862616
0.4,True,0.0,6,246,0.23454529300682103,0.4672037687783192,952.0661301469264,0.6574138354631927,2400,1845,555,0.0,-0.42611587177686505,0.7895233333333334,300,114,223,0.7382795221230024,0.5867966211872048,0.6506563267013625,0.15148290093579764
0.4,True,0.0,7,247,0.23636317275343433,0.46571809563234473,937.4107955730516,0.6547752223925052,2400,1839,561,0.0,-0.4299366762656404,0.7935433333333333,300,114,213,0.738335230341608,0.5838386314686754,0.6475214329258618,0.15449659887293254
0.4,True,0.0,8,248,0.2332593047627757,0.46885185882685815,952.414953778279,0.6567558633540904,2400,1837,563,0.0,-0.5082030084530992,0.7862133333333333,300,113,230,0.7369481446819524,0.5837276614698063,0.6504545006730893,0.1532204832121461
0.4,True,0.0,9,249,0.2329285438458638,0.46879067495301757,990.4861022321585,0.6656954726955461,2400,1881,519,0.0,-0.4775291633151176,0.7849,300,126,199,0.7416385618737885,0.5905247173790359,0.6605296222354324,0.15111384449475262
0.4,True,0.1,0,250,0.23233281991693547,0.47114288637086876,921.9709514709062,0.6579301494658497,2400,1841,559,0.0,-0.3475072901992649,0.7819666666666667,300,106,223,0.7344973933645491,0.5867675967465151,0.6521050410486877,0.14772979661803398
0.4,True,0.1,1,251,0.23252564732939462,0.470581731750938,908.571655968297,0.6553190399366318,2400,1828,572,0.0,-0.413372346837038,0.79264,300,109,236,0.7433530103528248,0.5655633950060825,0.6496796651774664,0.1777896153467422
0.4,True,0.1,2,252,0.23299420079487426,0.46878939971222816,921.6029557892933,0.6584029216051263,2400,1844,556,0.0,-0.37850855550207607,0.7824333333333333,300,101,221,0.7370364909209028,0.5896241129812296,0.6518467155584904,0.1474123779396732
0.4,True,0.1,3,253,0.23219515444646668,0.4706839502732472,921.7977000834096,0.6581747088023895,2400,1841,559,0.0,-0.36985491473026777,0.7910200000000001,300,124,222,0.7414504947045322,0.5815311652826876,0.6517386907579211,0.1599193294218446
0.4,True,0.1,4,254,0.23347914559413166,0.4691181610175624,918.6903741943971,0.6576463478697091,2400,1843,557,0.0,-0.46061855649272704,0.7931699999999999,300,127,230,0.7407537324913496,0.5861257005510759,0.6505609572545321,0.15462803194027364
0.4,True,0.1,5,255,0.22898398079134005,0.4738624352372325,950.0880017952685,0.6630148725108408,2400,1853,547,0.0,-0.40705679519885657,0.7928066666666667,300,105,216,0.7435661962316485,0.5758898122717473,0.658521282465225,0.16767638395990125
0.4,True,0.1,6,256,0.2322495423320902,0.4703486724300597,945.7318891383975,0.6634898352792465,2400,1868,532,0.0,-0.4011283131418406,0.7910133333333333,300,123,222,0.7381742369205692,0.5932773039620154,0.6579146257932795,0.14489693295855377
0.4,True,0.1,7,257,0.2324037438465743,0.4705991361683312,905.4773261574107,0.6540642145528158,2400,1821,579,0.0,-0.3667749453309899,0.7859266666666667,300,127,222,0.7253529684972874,0.5936676124232013,0.6478593440478702,0.13168535607408605
0.4,True,0.1,8,258,0.23196325027305997,0.4715856881781095,899.3688911869333,0.652891244196785,2400,1814,586,0.0,-0.3890738914614846,0.78183,300,106,229,0.7355631467225044,0.5704927541609018,0.6473433290297588,0.1650703925616026
0.4,True,0.1,9,259,0.23615332616617232,0.46600468998444833,905.4252591648775,0.6556947520332703,2400,1843,557,0.0,-0.4007342421136737,0.7919766666666667,300,110,222,0.7350527409464189,0.5941501025821974,0.6480291075107837,0.14090263836422157
0.4,True,0.2,0,260,0.2329790677441951,0.46961504532230564,901.5133080474639,0.6627272576071429,2400,1867,533,0.0,-0.3936222868971926,0.7875466666666667,300,112,217,0.7538970172801597,0.5854396179543802,0.6547983242929079,0.16845739932577952
0.4,True,0.2,1,261,0.22843319296562944,0.47285172194232594,899.2052445088764,0.6612347385811611,2400,1840,560,0.0,-0.4618095180261846,0.7921433333333333,300,121,225,0.7482978744856382,0.5755509515525327,0.6552466163374162,0.17274692293310556
0.4,True,0.2,2,262,0.2318257301327164,0.4694887467850078,869.2474750491527,0.6560838315723629,2400,1827,573,0.0,-0.39195304113672613,0.79341,300,119,224,0.7480600877184048,0.5661740254878604,0.649676554487755,0.18188606223054438
0.4,True,0.2,3,263,0.23016627984142912,0.47264138837037917,922.972695096863,0.6654587468934455,2400,1870,530,0.0,-0.3965035912718669,0.7939466666666667,300,110,203,0.7424540407851882,0.5956584755835993,0.6593663909564097,0.14679556520158887
0.4,True,0.2,4,264,0.23557508248602427,0.4659387894358296,863.961500011792,0.6557058666456155,2400,1840,560,0.0,-0.4472508923965921,0.7776433333333334,300,115,207,0.7382890293597902,0.5862526120794888,0.6484496680449308,0.15203641728030148
0.4,True,0.2,5,265,0.234984671669511,0.4673259485480704,860.7066096738372,0.6546095729860073,2400,1833,567,0.0,-0.4033562255358486,0.7859833333333333,300,118,213,0.741044776189353,0.5807923641046534,0.647164826862852,0.16025241208469965
0.4,True,0.2,6,266,0.23099989645184524,0.4722129576043403,896.9176552516434,0.6605878786981583,2400,1849,551,0.0,-0.4436960449013659,0.7898933333333333,300,100,220,0.7407414709121962,0.580274452315014,0.6552656171064367,0.16046701859718226
0.4,True,0.2,7,267,0.23149767228037238,0.4711912954863441,886.3508043816001,0.6585576921061473,2400,1840,560,0.0,-0.37885725662410297,0.7874533333333333,300,121,223,0.7411101731319099,0.581505041648811,0.6523208826286396,0.15960513148309885
0.4,True,0.2,8,268,0.22818835724446615,0.47586630733114005,930.5877814703576,0.6663279446304645,2400,1868,532,0.0,-0.3858837383751649,0.79366,300,106,233,0.7433925674854897,0.5849494844015217,0.6617654814233185,0.15844308308396793
0.4,True,0.2,9,269,0.23218142177075599,0.47050002950946546,870.1174639844119,0.6554866961838591,2400,1827,573,0.0,-0.4262683035303845,0.7830766666666666,300,113,226,0.736622690153525,0.5777998077730501,0.6496177491780338,0.15882288238047493
0.4,True,0.4,0,270,0.23225427462220596,0.4720593540966916,743.8144938138851,0.6471738986855975,2400,1787,613,0.0,-0.3673654000281093,0.7858766666666667,300,116,251,0.7378318323383395,0.5647752484234303,0.6400287986566713,0.1730565839149092
0.4,True,0.4,1,271,0.2319974363384187,0.4721569634808385,846.3908844863334,0.665505156172616,2400,1879,521,0.0,-0.36527826167301614,0.7922166666666667,300,99,196,0.7412096581589707,0.6033363709718463,0.6586534271354475,0.13787328718712433
0.4,True,0.4,2,272,0.2339625572296348,0.46803257503252227,785.0719037303224,0.655659760491862,2400,1834,566,0.0,-0.3717216108532668,0.7901166666666667,300,106,243,0.7419829563716773,0.5849141315995342,0.647827871834876,0.15706882477214312
0.4,True,0.4,3,273,0.2344845422713611,0.4681968048875038,803.4869972126709,0.6584154386106225,2400,1851,549,0.0,-0.43871638642655275,0.7859666666666666,300,125,220,0.7413274188673985,0.5832160625229506,0.6518596260376234,0.15811135634444795
0.4,True,0.4,4,274,0.23350307754229574,0.469361002898139,754.0023837819774,0.6493522388177104,2400,1801,599,0.0,-0.3192553161967019,0.79392,300,122,248,0.7417392774903541,0.5614756775228202,0.6425917059225003,0.18026359996753383
0.4,True,0.4,5,275,0.23079605705657327,0.4721772159814499,843.6629824375448,0.6649314744141899,2400,1870,530,0.0,-0.3946224240679138,0.7895233333333334,300,119,207,0.7451853805897359,0.5920964530289764,0.6585920293637758,0.15308892756075954
0.4,True,0.4,6,276,0.23374710946070623,0.4683093929823838,789.3026766743812,0.6556147964472056,2400,1833,567,0.0,-0.4263546525675758,0.7794466666666667,300,120,211,0.7378123312264301,0.5820048903599839,0.6489899436363236,0.15580744086644616
0.4,True,0.4,7,277,0.23288739612886075,0.46985954330657775,787.327854059,0.655520962335827,2400,1830,570,0.0,-0.4465453254344379,0.7858466666666666,300,104,218,0.7419003035836053,0.5726133457759963,0.6492994429609155,0.16928695780760894
0.4,True,0.4,8,278,0.23427854924538766,0.4692541067410515,783.7987928461731,0.654860168037039,2400,1833,567,0.0,-0.38277049264469837,0.7838233333333333,300,128,238,0.7425323630871121,0.5681761159901023,0.6488836026332825,0.1743562470970098
0.4,True,0.4,9,279,0.2359451458200996,0.46571070274999765,798.2920109152745,0.6579116231781301,2400,1853,547,0.0,-0.41445185209846275,0.79461,300,120,210,0.7359530765237845,0.5945095334863658,0.6507569444679012,0.14144354303741868
0.4,False,0.0,0,280,0.23238761130713534,0.4705502952425229,926.1300737530711,0.6501708775052517,2400,1801,599,0.0,-0.46870546624379505,0.7950333333333333,300,119,221,0.7411452361301836,0.5621703349677635,0.6437094114519304,0.1789749011624201
0.4,False,0.0,1,281,0.23202763143843558,0.47004694180345413,952.2418677054826,0.6567279256680802,2400,1832,568,0.0,-0.385082565034147,0.7899066666666666,300,101,232,0.7458290708257158,0.5651236629351959,0.651121598334271,0.18070540789051992
0.4,False,0.0,2,282,0.23550268415168954,0.46700740342172603,940.0261398627619,0.6547505760442048,2400,1836,564,0.0,-0.46507434207440573,0.7944133333333334,300,108,244,0.7353244473997538,0.588038021194206,0.6475308090864282,0.14728642620554777
0.4,False,0.0,3,283,0.23278648986938213,0.4697382301231791,975.4315044095064,0.6617181326154539,2400,1861,539,0.0,-0.4341418792560711,0.7866,300,107,216,0.7329995593398487,0.6001916131647494,0.6556653831973356,0.13280794617509928
0.4,False,0.0,4,284,0.23587823692487506,0.46635587058233285,909.5409417726422,0.6481157402677696,2400,1803,597,0.0,-0.4202252382988952,0.7971433333333333,300,121,258,0.7388293527033145,0.5718342549132175,0.640143882494601,0.16699509779009702
0.4,False,0.0,5,285,0.23210111954699716,0.46998360267143696,967.3538295678344,0.6598026518385722,2400,1848,552,0.0,-0.3624490675557722,0.79413,300,121,232,0.7405384689185733,0.5899262239173368,0.6529723454787368,0.1506122450012365
0.4,False,0.0,6,286,0.2333665595227079,0.46858886213008905,979.5608758399684,0.6635438908086726,2400,1872,528,0.0,-0.36716819605931267,0.7840733333333334,300,104,220,0.7437474474155948,0.5947597649682608,0.6566743962660095,0.14898768244733407
0.4,False,0.0,7,287,0.23147688505972722,0.4694400653450092,1002.4588336201465,0.66798470094555,2400,1886,514,0.0,-0.37702344612379163,0.7885733333333333,300,120,233,0.7441851753986274,0.6030434978032665,0.6614034331405723,0.1411416775953609
0.4,False,0.0,8,288,0.23406095226256643,0.4685666928956115,932.6467390803969,0.652116388588208,2400,1817,583,0.0,-0.38932785779950746,0.77105,300,110,248,0.7372269639413098,0.5764058439357284,0.6451890128045848,0.16082112000558146
0.4,False,0.0,9,289,0.23083054798825936,0.4722676403029894,1000.8666688185501,0.6664512402458403,2400,1878,522,0.0,-0.3602782883867539,0.7949133333333332,300,115,210,0.7452835467207493,0.5915288131267741,0.6606744359000675,0.15375473359397518
0.4,False,0.1,0,290,0.2328592944244962,0.4707615649467991,925.7701717963877,0.6592578469418623,2400,1850,550,0.0,-0.4343056246337325,0.79375,300,106,219,0.7438628273029906,0.5799432557370735,0.6529121296969418,0.16391957156591708
0.4,False,0.1,1,291,0.23180093380271616,0.47073895880119854,907.6447410980882,0.6552217160849961,2400,1824,576,0.0,-0.3959185988137287,0.7919933333333333,300,119,225,0.7392621109328129,0.5766406555554856,0.6488911118527009,0.1626214553773273
0.4,False,0.1,2,292,0.23264673700325564,0.47040173064637875,928.9833838510048,0.6599448678324878,2400,1852,548,0.0,-0.34858773929294257,0.7918766666666667,300,99,211,0.7384378029799976,0.5876733840115678,0.6538824786457753,0.15076441896842985
0.4,False,0.1,3,293,0.23104293505288492,0.4715123086335582,912.4086593620416,0.6561870377989224,2400,1826,574,0.0,-0.4619438403122508,0.7921166666666667,300,110,247,0.7488573928827246,0.5663440601500018,0.6496320304686847,0.18251333273272274
0.4,False,0.1,4,294,0.23415861684160286,0.46827983294556796,896.4218133030645,0.6534542232514609,2400,1824,576,0.0,-0.4040094305584996,0.79091,300,116,238,0.7383635243513096,0.5777860529038324,0.6465614524111748,0.16057747144747714
0.4,False,0.1,5,295,0.2333592070228891,0.46894042667122027,880.7177199197394,0.6497964699981985,2400,1802,598,0.0,-0.37490578745589376,0.7882899999999999,300,128,235,0.7380267714285673,0.5650083220553603,0.6434554961045033,0.17301844937320698
0.4,False,0.1,6,296,0.23171186254547033,0.47052605720471824,941.8734709759549,0.6620276695357975,2400,1858,542,0.0,-0.3192607463530949,0.78703,300,112,220,0.7421494118043084,0.5881193695270027,0.6558577610832679,0.15403004227730566
0.4,False,0.1,7,297,0.2314485473886408,0.47128487694079774,944.7509542957441,0.6627087239984051,2400,1861,539,0.0,-0.41959267219196533,0.7944399999999999,300,122,233,0.735510403658432,0.5909244837682854,0.6577196200970823,0.14458591989014657
0.4,False,0.1,8,298,0.23216297598590274,0.46953789600910406,920.8080506956317,0.6586694631919805,2400,1842,558,0.0,-0.44464147337901705,0.7867233333333333,300,113,230,0.7409334247835903,0.574322025758226,0.6534629958648259,0.16661139902536426
0.4,False,0.1,9,299,0.23300894126336172,0.4694695700175575,939.8295859084718,0.6623384670868911,2400,1865,535,0.0,-0.34520396876710846,0.7797533333333333,300,128,212,0.7375614049944273,0.6005936396783139,0.6555265231598608,0.13696776531611343
0.4,False,0.2,0,300,0.2347824344797148,0.46730536012656676,873.1090164137609,0.6567637798575778,2400,1843,557,0.0,-0.43988407674846747,0.7979066666666667,300,121,237,0.7327313085486905,0.5974737326980349,0.6494756137406277,0.13525757585065556
0.4,False,0.2,1,301,0.23173038488001252,0.4719407623493844,905.8069800907026,0.6622795855756882,2400,1861,539,0.0,-0.31307702897336503,0.7969433333333333,300,110,213,0.7425553621159919,0.5862596010087414,0.656360428209887,0.15629576110725052
0.4,False,0.2,2,302,0.23434663801821232,0.46795005052620514,829.8464767527712,0.6484708701625171,2400,1799,601,0.0,-0.42574098249975023,0.7822633333333333,300,113,217,0.7382349514754414,0.5677252923188082,0.6412841309457602,0.1705096591566332
0.4,False,0.2,3,303,0.23022118685756257,0.4728551906596601,867.8073613492525,0.6543233374230372,2400,1814,586,0.0,-0.3487933198520771,0.7849433333333333,300,119,222,0.7360779322146257,0.5737565189544508,0.6487146609271975,0.1623214132601749
0.4,False,0.2,4,304,0.23368063964756725,0.4687646577243,877.0281647936293,0.6581128518610735,2400,1846,554,0.0,-0.3893515247019486,0.7889166666666667,300,112,217,0.7413800284679024,0.5847917024176308,0.6512355697988335,0.15658832605027162
0.4,False,0.2,5,305,0.23233314440349845,0.4711702936794655,861.2185745606135,0.6539970222463305,2400,1821,579,0.0,-0.3646907161534955,0.7961966666666667,300,116,233,0.7388005960964831,0.5785193302878002,0.6470999997374374,0.16028126580868285
0.4,False,0.2,6,306,0.23556490068020983,0.46670042427465475,861.534355524139,0.6547604996152463,2400,1836,564,0.0,-0.35827315219991984,0.79952,300,123,227,0.7375547926144397,0.5847441408644397,0.647537155515515,0.15281065174999997
0.4,False,0.2,7,307,0.23334712567801316,0.4686454719095632,879.0222202228358,0.6578880710496424,2400,1843,557,0.0,-0.4317391111537571,0.7952266666666667,300,113,229,0.7395357017530777,0.5869594321902105,0.6510156967568795,0.15257626956286718
0.4,False,0.2,8,308,0.2346259945946866,0.466163125106205,867.2832296412116,0.6562141402762771,2400,1838,562,0.0,-0.410465853179797,0.7892199999999999,300,123,228,0.7372783674888298,0.58665481803843,0.6492758711321461,0.1506235494503998
0.4,False,0.2,9,309,0.2338184606998216,0.46771633373392313,864.8074007786997,0.6552937918440942,2400,1831,569,0.0,-0.3300720479855055,0.78577,300,119,241,0.7352685033582081,0.5885414550804942,0.6481991611097513,0.146727048277714
0.4,False,0.4,0,310,0.23564133057741388,0.46747595182227714,788.4562648559778,0.6556705106239067,2400,1842,558,0.0,-0.40165942879447586,0.7872166666666667,300,129,228,0.7403131586903611,0.5864372658430635,0.6479730803147283,0.15387589284729752
0.4,False,0.4,1,311,0.2330823545947511,0.46841904677391877,796.3801720127508,0.6572295186190229,2400,1838,562,0.0,-0.4445883530142563,0.7942199999999999,300,113,221,0.7428910182698242,0.5844856701973778,0.6497963984784153,0.15840534807244633
0.4,False,0.4,2,312,0.23433683487767765,0.468748569034903,767.8520572066582,0.6521869490351229,2400,1819,581,0.0,-0.4426692132402431,0.77839,300,108,264,0.7315991290318516,0.5875621974052142,0.6449211465864317,0.14403693162663744
0.4,False,0.4,3,313,0.2306445075243446,0.4726526616613958,834.7054975312682,0.6635994594289181,2400,1863,537,0.0,-0.46520251343560587,0.7831533333333334,300,117,204,0.7507614738526716,0.5838097121918435,0.6568056895091107,0.16695176166082804
0.4,False,0.4,4,314,0.23091351555328318,0.47190921103802924,849.7504701175153,0.6656597156942154,2400,1874,526,0.0,-0.4172163437829778,0.7932,300,95,222,0.737022345769056,0.6056530285807067,0.6593880812943819,0.13136931718834932
0.4,False,0.4,5,315,0.23277355714096198,0.4692465465545852,806.07117105815,0.658908698362688,2400,1846,554,0.0,-0.44489195387903635,0.7927633333333334,300,96,226,0.7410059141113412,0.5849975887552767,0.6523440698272788,0.15600832535606446
0.4,False,0.4,6,316,0.23244736227030552,0.4710619060111182,774.7470393486691,0.6525350223453131,2400,1814,586,0.0,-0.3210463621103042,0.7947566666666667,300,104,232,0.738919152183583,0.5668606949697852,0.6466814400277295,0.17205845721379776
0.4,False,0.4,7,317,0.23486273552609474,0.4680146923159956,774.8631128119757,0.6533987566834613,2400,1827,573,0.0,-0.42361594057892205,0.7921833333333334,300,119,224,0.7304791209386544,0.5909146360795504,0.6463138999129442,0.139564484859104
0.4,False,0.4,8,318,0.2345249769680064,0.46863975093673194,839.2778351776944,0.6649127431434866,2400,1885,515,0.0,-0.4024640583765853,0.7922166666666667,300,115,191,0.7415873217727692,0.6056647890968779,0.6574775546238445,0.13592253267589127
0.4,False,0.4,9,319,0.22822747602109236,0.47479347779139747,859.9866685938499,0.6675157894805467,2400,1873,527,0.0,-0.321185021618092,0.78722,300,103,222,0.746691198143139,0.5886939061127917,0.6621902921970622,0.1579972920303473
